id,speed_kmh,ax_g,ay_g,yaw_rate_dps,steering_angle_deg,wheel_fl_kmh,wheel_fr_kmh,wheel_rl_kmh,wheel_rr_kmh,slip_fl,slip_fr,slip_rl,slip_rr,image_path,road_image_path,rac,img,dyn,decision,feature
20251121_152714_159233,41.56875,0.0316,-0.0691,0.08,7.9,41.625,41.56875,42.01875,41.90625,-0.00135318,0.0,-0.01082544,-0.00811908,train/episode_177_part3/images/ZED_LEFT/ZED_LEFT_20251121_152714_159233.jpg,train/episode_177_part3/images/road_img/ZED_LEFT_20251121_152714_159233.jpg,0.8,0.751717,nan,0.751717,nan
20251121_152714_159233,41.6671875,0.022675000000000004,-0.07104999999999999,0.15749999999999997,7.95,41.723437499999996,41.68125,42.004687499999996,41.8640625,-0.00135000575,-0.00033512074999999993,-0.00811908,-0.0047488275,train/episode_177_part3/images/ZED_LEFT/ZED_LEFT_20251121_152714_159233.jpg,train/episode_177_part3/images/road_img/ZED_LEFT_20251121_152714_159233.jpg,0.8,0.751717,nan,0.751717,nan
20251121_152714_159233,41.765625,0.013750000000000005,-0.073,0.235,8.0,41.821875,41.793749999999996,41.990625,41.821875,-0.0013468315000000001,-0.0006702414999999999,-0.005412720000000001,-0.0013785750000000008,train/episode_177_part3/images/ZED_LEFT/ZED_LEFT_20251121_152714_159233.jpg,train/episode_177_part3/images/road_img/ZED_LEFT_20251121_152714_159233.jpg,0.8,0.751717,nan,0.751717,nan
20251121_152714_159233,41.8640625,0.004825000000000006,-0.07494999999999999,0.31249999999999994,8.05,41.920312499999994,41.90625,41.9765625,41.779687499999994,-0.00134365725,-0.00100536225,-0.0027063600000000014,0.0019916775000000005,train/episode_177_part3/images/ZED_LEFT/ZED_LEFT_20251121_152714_159233.jpg,train/episode_177_part3/images/road_img/ZED_LEFT_20251121_152714_159233.jpg,0.8,0.751717,0.811948,0.761906,0.805295
20251121_152714_159233,41.9625,-0.0040999999999999925,-0.0769,0.38999999999999996,8.1,42.01875,42.01875,41.9625,41.7375,-0.001340483,-0.0013404829999999997,-1.734723475976807e-18,0.005361929999999999,train/episode_177_part3/images/ZED_LEFT/ZED_LEFT_20251121_152714_159233.jpg,train/episode_177_part3/images/road_img/ZED_LEFT_20251121_152714_159233.jpg,0.8,0.751717,0.819146,0.769510,0.806838
20251121_152714_409233,41.90625,-0.013774999999999992,-0.05760000000000001,0.31750000000000006,8.325,41.90625,41.9203125,41.9765625,41.8359375,5.419499999998866e-06,-0.0003315077500000009,-0.0016846359999999985,0.001662957000000003,train/episode_177_part3/images/ZED_LEFT/ZED_LEFT_20251121_152714_409233.jpg,train/episode_177_part3/images/road_img/ZED_LEFT_20251121_152714_409233.jpg,0.8,0.850937,0.826044,0.790059,0.807512
20251121_152714_409233,41.85,-0.02344999999999999,-0.03830000000000001,0.24500000000000002,8.549999999999999,41.79375,41.821875,41.990624999999994,41.934374999999996,0.001351321999999999,0.0006774674999999995,-0.0033692719999999987,-0.002036015999999998,train/episode_177_part3/images/ZED_LEFT/ZED_LEFT_20251121_152714_409233.jpg,train/episode_177_part3/images/road_img/ZED_LEFT_20251121_152714_409233.jpg,0.8,0.850937,0.834923,0.805835,0.808089
20251121_152714_409233,41.793749999999996,-0.033124999999999995,-0.019000000000000017,0.17250000000000004,8.775,41.68125,41.7234375,42.004687499999996,42.0328125,0.0026972244999999987,0.001686442749999999,-0.0050539079999999985,-0.005734988999999997,train/episode_177_part3/images/ZED_LEFT/ZED_LEFT_20251121_152714_409233.jpg,train/episode_177_part3/images/road_img/ZED_LEFT_20251121_152714_409233.jpg,0.8,0.850937,0.847114,0.818765,0.807343
20251121_152714_409233,41.7375,-0.042799999999999984,0.00029999999999998084,0.10000000000000003,9.0,41.56875,41.625,42.01875,42.13125,0.004043126999999998,0.002695417999999999,-0.006738543999999997,-0.009433961999999997,train/episode_177_part3/images/ZED_LEFT/ZED_LEFT_20251121_152714_409233.jpg,train/episode_177_part3/images/road_img/ZED_LEFT_20251121_152714_409233.jpg,0.8,0.850937,0.843898,0.827303,0.799785
20251121_152714_659233,41.7375,-0.043649999999999994,-0.010799999999999988,0.22999999999999987,9.075,41.625,41.68125,42.004687499999996,42.1453125,0.0026954180000000015,0.0013477090000000016,-0.006401617,-0.00977088925,train/episode_177_part3/images/ZED_LEFT/ZED_LEFT_20251121_152714_659233.jpg,train/episode_177_part3/images/road_img/ZED_LEFT_20251121_152714_659233.jpg,0.8,0.768142,0.811635,0.816188,0.785211
20251121_152714_659233,41.7375,-0.0445,-0.021899999999999985,0.3599999999999999,9.15,41.68125,41.7375,41.990625,42.159375,0.0013477090000000012,1.3010426069826053e-18,-0.00606469,-0.0101078165,train/episode_177_part3/images/ZED_LEFT/ZED_LEFT_20251121_152714_659233.jpg,train/episode_177_part3/images/road_img/ZED_LEFT_20251121_152714_659233.jpg,0.8,0.768142,0.806996,0.807534,0.783446
20251121_152714_659233,41.7375,-0.045349999999999994,-0.03299999999999999,0.4899999999999999,9.225,41.737500000000004,41.79375,41.9765625,42.1734375,1.734723475976807e-18,-0.0013477089999999986,-0.005727763,-0.010444743749999999,train/episode_177_part3/images/ZED_LEFT/ZED_LEFT_20251121_152714_659233.jpg,train/episode_177_part3/images/road_img/ZED_LEFT_20251121_152714_659233.jpg,0.8,0.768142,0.848437,0.806715,0.792333
20251121_152714_909233,41.7375,-0.0462,-0.0441,0.62,9.3,41.79375,41.85,41.9625,42.1875,-0.001347709,-0.002695418,-0.005390836,-0.010781671,train/episode_177_part3/images/ZED_LEFT/ZED_LEFT_20251121_152714_909233.jpg,train/episode_177_part3/images/road_img/ZED_LEFT_20251121_152714_909233.jpg,0.8,0.741275,0.857285,0.799412,0.821927
20251121_152714_909233,41.7375,-0.04425,-0.028025000000000026,0.5975,9.325000000000001,41.821875,41.85,42.004687499999996,42.13125,-0.002021563499999999,-0.002695418,-0.006401617499999999,-0.009433962250000002,train/episode_177_part3/images/ZED_LEFT/ZED_LEFT_20251121_152714_909233.jpg,train/episode_177_part3/images/road_img/ZED_LEFT_20251121_152714_909233.jpg,0.8,0.741275,0.851261,0.793066,0.822622
20251121_152714_909233,41.7375,-0.0423,-0.011950000000000016,0.5750000000000001,9.35,41.85,41.85,42.046875,42.075,-0.002695417999999999,-0.002695418,-0.007412399,-0.008086253500000001,train/episode_177_part3/images/ZED_LEFT/ZED_LEFT_20251121_152714_909233.jpg,train/episode_177_part3/images/road_img/ZED_LEFT_20251121_152714_909233.jpg,0.8,0.741275,0.853377,0.787515,0.821775
20251121_152714_909233,41.7375,-0.040350000000000004,0.004124999999999955,0.5525000000000001,9.375,41.878125,41.85,42.0890625,42.01875,-0.0033692724999999975,-0.002695418,-0.008423180499999999,-0.006738544750000004,train/episode_177_part3/images/ZED_LEFT/ZED_LEFT_20251121_152714_909233.jpg,train/episode_177_part3/images/road_img/ZED_LEFT_20251121_152714_909233.jpg,0.8,0.741275,0.861199,0.782630,0.817856
20251121_152714_909233,41.7375,-0.038400000000000004,0.020199999999999968,0.53,9.4,41.90625,41.85,42.13125,41.9625,-0.004043126999999998,-0.002695418,-0.009433961999999999,-0.005390836000000004,train/episode_177_part3/images/ZED_LEFT/ZED_LEFT_20251121_152714_909233.jpg,train/episode_177_part3/images/road_img/ZED_LEFT_20251121_152714_909233.jpg,0.8,0.741275,0.839872,0.778224,0.806591
20251121_152715_159233,41.7515625,-0.021900000000000017,0.015600000000000004,0.5,9.4,41.9203125,41.878125,42.089062500000004,42.01875,-0.0040417665,-0.0030309847499999996,-0.008084892750000003,-0.006398443249999999,train/episode_177_part3/images/ZED_LEFT/ZED_LEFT_20251121_152715_159233.jpg,train/episode_177_part3/images/road_img/ZED_LEFT_20251121_152715_159233.jpg,0.8,0.706057,0.752746,0.760431,0.810273
20251121_152715_159233,41.765625,-0.005400000000000037,0.01100000000000001,0.4700000000000001,9.4,41.934374999999996,41.90625,42.046875,42.074999999999996,-0.004040406,-0.0033665514999999995,-0.006735823500000003,-0.007406050499999998,train/episode_177_part3/images/ZED_LEFT/ZED_LEFT_20251121_152715_159233.jpg,train/episode_177_part3/images/road_img/ZED_LEFT_20251121_152715_159233.jpg,0.8,0.706057,0.631851,0.738257,0.799926
20251121_152715_159233,41.7796875,0.011099999999999985,0.006400000000000006,0.44,9.4,41.9484375,41.934374999999996,42.0046875,42.13125,-0.0040390455,-0.0037021182499999998,-0.005386754250000002,-0.00841365775,train/episode_177_part3/images/ZED_LEFT/ZED_LEFT_20251121_152715_159233.jpg,train/episode_177_part3/images/road_img/ZED_LEFT_20251121_152715_159233.jpg,0.8,0.706057,0.564319,0.721487,0.793380
20251121_152715_159233,41.79375,0.027599999999999965,0.00180000000000001,0.41000000000000003,9.4,41.9625,41.9625,41.9625,42.1875,-0.004037685,-0.004037684999999999,-0.0040376850000000035,-0.009421264999999998,train/episode_177_part3/images/ZED_LEFT/ZED_LEFT_20251121_152715_159233.jpg,train/episode_177_part3/images/road_img/ZED_LEFT_20251121_152715_159233.jpg,0.8,0.706057,0.530403,0.710459,0.790391
20251121_152715_409233,41.8359375,0.013325000000000049,-0.00719999999999997,0.5574999999999994,9.475,41.934375,41.990625,41.9765625,42.1875,-0.002358022500000006,-0.0036985050000000012,-0.0033633845000000024,-0.008406431250000004,train/episode_177_part3/images/ZED_LEFT/ZED_LEFT_20251121_152715_409233.jpg,train/episode_177_part3/images/road_img/ZED_LEFT_20251121_152715_409233.jpg,0.8,0.784252,0.514963,0.726838,0.803284
20251121_152715_409233,41.878125,-0.0009499999999999648,-0.016199999999999982,0.7049999999999996,9.549999999999999,41.90625,42.01875,41.990624999999994,42.1875,-0.0006783600000000042,-0.0033593250000000007,-0.0026890840000000013,-0.007391597500000002,train/episode_177_part3/images/ZED_LEFT/ZED_LEFT_20251121_152715_409233.jpg,train/episode_177_part3/images/road_img/ZED_LEFT_20251121_152715_409233.jpg,0.8,0.784252,0.547664,0.738879,0.808882
20251121_152715_409233,41.9203125,-0.015224999999999982,-0.025199999999999993,0.8524999999999998,9.625,41.878125000000004,42.046875,42.004687499999996,42.1875,0.001001302499999998,-0.003020145,-0.0020147835000000006,-0.006376763750000001,train/episode_177_part3/images/ZED_LEFT/ZED_LEFT_20251121_152715_409233.jpg,train/episode_177_part3/images/road_img/ZED_LEFT_20251121_152715_409233.jpg,0.8,0.784252,0.648755,0.747826,0.823337
20251121_152715_659233,41.9625,-0.0295,-0.0342,1.0,9.7,41.85,42.075,42.01875,42.1875,0.002680965,-0.002680965,-0.001340483,-0.00536193,train/episode_177_part3/images/ZED_LEFT/ZED_LEFT_20251121_152715_659233.jpg,train/episode_177_part3/images/road_img/ZED_LEFT_20251121_152715_659233.jpg,0.8,0.754152,0.795663,0.751903,0.794363
20251121_152715_659233,41.934374999999996,-0.0315,-0.03375,0.9524999999999999,9.725,41.8359375,42.046875,41.990624999999994,42.0890625,0.0023467452499999998,-0.00268276675,-0.00134138375,-0.0036854259999999977,train/episode_177_part3/images/ZED_LEFT/ZED_LEFT_20251121_152715_659233.jpg,train/episode_177_part3/images/road_img/ZED_LEFT_20251121_152715_659233.jpg,0.8,0.754152,0.861957,0.757304,0.808091
20251121_152715_659233,41.90625,-0.033499999999999995,-0.0333,0.9050000000000001,9.75,41.821875000000006,42.018750000000004,41.9625,41.990625,0.002012525500000001,-0.0026845684999999998,-0.0013422845,-0.0020089220000000033,train/episode_177_part3/images/ZED_LEFT/ZED_LEFT_20251121_152715_659233.jpg,train/episode_177_part3/images/road_img/ZED_LEFT_20251121_152715_659233.jpg,0.8,0.754152,0.861395,0.760612,0.813810
20251121_152715_659233,41.878125000000004,-0.0355,-0.03285,0.8575000000000002,9.775,41.807812500000004,41.990625,41.934375,41.892187500000006,0.0016783057500000004,-0.00268637025,-0.0013431852499999999,-0.000332418000000001,train/episode_177_part3/images/ZED_LEFT/ZED_LEFT_20251121_152715_659233.jpg,train/episode_177_part3/images/road_img/ZED_LEFT_20251121_152715_659233.jpg,0.8,0.754152,0.857821,0.762502,0.814368
20251121_152715_909233,41.85,-0.0375,-0.0324,0.81,9.8,41.79375,41.9625,41.90625,41.79375,0.001344086,-0.002688172,-0.001344086,0.001344086,train/episode_177_part3/images/ZED_LEFT/ZED_LEFT_20251121_152715_909233.jpg,train/episode_177_part3/images/road_img/ZED_LEFT_20251121_152715_909233.jpg,0.8,0.820249,0.858569,0.781572,0.801098
20251121_152715_909233,41.8359375,-0.037675,-0.033375,0.8175,9.850000000000001,41.737500000000004,41.934374999999996,41.8359375,41.807812500000004,0.0023539595,-0.00235260275,1.356750000000139e-06,0.0006715907499999999,train/episode_177_part3/images/ZED_LEFT/ZED_LEFT_20251121_152715_909233.jpg,train/episode_177_part3/images/road_img/ZED_LEFT_20251121_152715_909233.jpg,0.8,0.820249,0.858471,0.795167,0.801230
20251121_152715_909233,41.821875000000006,-0.037849999999999995,-0.03434999999999999,0.825,9.9,41.681250000000006,41.90625,41.765625,41.821875,0.003363832999999995,-0.0020170335000000016,0.0013467994999999942,-9.044999999972738e-07,train/episode_177_part3/images/ZED_LEFT/ZED_LEFT_20251121_152715_909233.jpg,train/episode_177_part3/images/road_img/ZED_LEFT_20251121_152715_909233.jpg,0.8,0.820249,0.857714,0.804871,0.801337
20251121_152715_909233,41.807812500000004,-0.038024999999999996,-0.035324999999999995,0.8324999999999999,9.95,41.625,41.878125000000004,41.6953125,41.8359375,0.004373706499999994,-0.0016814642500000015,0.0026922422499999943,-0.0006733997499999973,train/episode_177_part3/images/ZED_LEFT/ZED_LEFT_20251121_152715_909233.jpg,train/episode_177_part3/images/road_img/ZED_LEFT_20251121_152715_909233.jpg,0.8,0.820249,0.856639,0.811806,0.801442
20251121_152715_909233,41.79375,-0.0382,-0.03629999999999999,0.84,10.0,41.56875,41.85,41.625,41.85,0.0053835799999999955,-0.0013458950000000015,0.004037684999999994,-0.0013458949999999971,train/episode_177_part3/images/ZED_LEFT/ZED_LEFT_20251121_152715_909233.jpg,train/episode_177_part3/images/road_img/ZED_LEFT_20251121_152715_909233.jpg,0.8,0.820249,0.855383,0.816766,0.801540
20251121_152716_159233,41.765625,-0.04074999999999999,-0.03165000000000001,0.8599999999999999,10.274999999999999,41.484375,41.737500000000004,41.5828125,41.821875,0.006736740249999995,0.0006774882499999931,0.004377791499999999,-0.00134680325,train/episode_177_part3/images/ZED_LEFT/ZED_LEFT_20251121_152716_159233.jpg,train/episode_177_part3/images/road_img/ZED_LEFT_20251121_152716_159233.jpg,0.8,0.809007,0.854756,0.817730,0.798971
20251121_152716_159233,41.737500000000004,-0.04329999999999999,-0.02700000000000001,0.88,10.549999999999999,41.400000000000006,41.625,41.540625,41.79375,0.008089900499999997,0.002700871499999996,0.004717897999999999,-0.0013477114999999999,train/episode_177_part3/images/ZED_LEFT/ZED_LEFT_20251121_152716_159233.jpg,train/episode_177_part3/images/road_img/ZED_LEFT_20251121_152716_159233.jpg,0.8,0.809007,0.854536,0.818508,0.799209
20251121_152716_159233,41.709375,-0.04584999999999999,-0.022350000000000026,0.8999999999999999,10.824999999999998,41.315625000000004,41.5125,41.4984375,41.765625,0.009443060749999992,0.004724254749999989,0.005058004499999998,-0.00134861975,train/episode_177_part3/images/ZED_LEFT/ZED_LEFT_20251121_152716_159233.jpg,train/episode_177_part3/images/road_img/ZED_LEFT_20251121_152716_159233.jpg,0.8,0.809007,0.854341,0.819146,0.799415
20251121_152716_159233,41.68125,-0.048399999999999985,-0.01770000000000002,0.9199999999999999,11.099999999999998,41.23125,41.4,41.45625,41.7375,0.010796220999999995,0.006747637999999992,0.005398110999999998,-0.001349528,train/episode_177_part3/images/ZED_LEFT/ZED_LEFT_20251121_152716_159233.jpg,train/episode_177_part3/images/road_img/ZED_LEFT_20251121_152716_159233.jpg,0.8,0.809007,0.853207,0.819609,0.799466
20251121_152716_409233,41.6671875,-0.02152500000000009,-0.033499999999999946,0.8175000000000003,11.225,41.1328125,41.315625,41.3578125,41.596875,0.012826895499999994,0.008439106999999994,0.007426961749999993,0.0016905567499999898,train/episode_177_part3/images/ZED_LEFT/ZED_LEFT_20251121_152716_409233.jpg,train/episode_177_part3/images/road_img/ZED_LEFT_20251121_152716_409233.jpg,0.8,0.783367,0.848678,0.813805,0.800873
20251121_152716_409233,41.653125,0.005349999999999938,-0.04929999999999997,0.7150000000000003,11.35,41.034375000000004,41.23125,41.259375,41.45625,0.014857569999999995,0.010130575999999997,0.009455812499999995,0.004730641499999993,train/episode_177_part3/images/ZED_LEFT/ZED_LEFT_20251121_152716_409233.jpg,train/episode_177_part3/images/road_img/ZED_LEFT_20251121_152716_409233.jpg,0.8,0.783367,0.835339,0.808753,0.799726
20251121_152716_409233,41.6390625,0.03222499999999985,-0.06509999999999992,0.6125000000000005,11.475,40.9359375,41.146875,41.1609375,41.315625,0.01688824449999999,0.011822044999999993,0.011484663249999989,0.007770726249999982,train/episode_177_part3/images/ZED_LEFT/ZED_LEFT_20251121_152716_409233.jpg,train/episode_177_part3/images/road_img/ZED_LEFT_20251121_152716_409233.jpg,0.8,0.783367,0.816009,0.803839,0.796859
20251121_152716_409233,41.625,0.059099999999999875,-0.08089999999999994,0.5100000000000005,11.6,40.8375,41.0625,41.0625,41.175,0.018918918999999992,0.013513513999999994,0.01351351399999999,0.010810810999999986,train/episode_177_part3/images/ZED_LEFT/ZED_LEFT_20251121_152716_409233.jpg,train/episode_177_part3/images/road_img/ZED_LEFT_20251121_152716_409233.jpg,0.8,0.783367,0.793631,0.798628,0.793389
20251121_152716_659233,41.5546875,0.05770000000000001,-0.07892500000000001,0.6174999999999995,11.7,40.7671875,40.95,40.893750000000004,41.020312499999996,0.018951093999999998,0.014556904249999995,0.01591744849999999,0.012870012999999991,train/episode_177_part3/images/ZED_LEFT/ZED_LEFT_20251121_152716_659233.jpg,train/episode_177_part3/images/road_img/ZED_LEFT_20251121_152716_659233.jpg,0.8,0.741746,0.774124,0.784599,0.804708
20251121_152716_659233,41.484375,0.05630000000000001,-0.07695000000000002,0.724999999999999,11.799999999999999,40.696875,40.8375,40.725,40.865625,0.018983268999999997,0.015600294499999992,0.01832138299999998,0.014929214999999982,train/episode_177_part3/images/ZED_LEFT/ZED_LEFT_20251121_152716_659233.jpg,train/episode_177_part3/images/road_img/ZED_LEFT_20251121_152716_659233.jpg,0.8,0.741746,0.759531,0.773507,0.802845
20251121_152716_659233,41.4140625,0.054900000000000004,-0.074975,0.8324999999999995,11.899999999999999,40.6265625,40.725,40.556250000000006,40.7109375,0.019015444,0.016643684749999995,0.02072531749999999,0.016988416999999992,train/episode_177_part3/images/ZED_LEFT/ZED_LEFT_20251121_152716_659233.jpg,train/episode_177_part3/images/road_img/ZED_LEFT_20251121_152716_659233.jpg,0.8,0.741746,0.752276,0.765088,0.801691
20251121_152716_659233,41.34375,0.05350000000000001,-0.07300000000000001,0.939999999999999,12.0,40.55625,40.6125,40.3875,40.55625,0.019047619,0.01768707499999999,0.02312925199999998,0.01904761899999998,train/episode_177_part3/images/ZED_LEFT/ZED_LEFT_20251121_152716_659233.jpg,train/episode_177_part3/images/road_img/ZED_LEFT_20251121_152716_659233.jpg,0.8,0.741746,0.751991,0.759223,0.801072
20251121_152716_909233,41.259375,0.023475000000000065,-0.072375,1.0224999999999997,12.049999999999999,40.415625,40.5,40.3171875,40.415625,0.020458553749999997,0.01840933925,0.0228339075,0.020458553749999997,train/episode_177_part3/images/ZED_LEFT/ZED_LEFT_20251121_152716_909233.jpg,train/episode_177_part3/images/road_img/ZED_LEFT_20251121_152716_909233.jpg,0.8,0.778918,0.769320,0.764016,0.807962
20251121_152716_909233,41.175000000000004,-0.006549999999999868,-0.07175,1.1049999999999995,12.1,40.275,40.3875,40.246875,40.275,0.021869488499999992,0.019131603499999997,0.022538563,0.021869488499999992,train/episode_177_part3/images/ZED_LEFT/ZED_LEFT_20251121_152716_909233.jpg,train/episode_177_part3/images/road_img/ZED_LEFT_20251121_152716_909233.jpg,0.8,0.778918,0.794604,0.770365,0.810336
20251121_152716_909233,41.090625,-0.03657499999999981,-0.071125,1.1874999999999996,12.149999999999999,40.134375,40.275,40.1765625,40.134375,0.02328042324999999,0.019853867749999997,0.022243218500000002,0.02328042324999999,train/episode_177_part3/images/ZED_LEFT/ZED_LEFT_20251121_152716_909233.jpg,train/episode_177_part3/images/road_img/ZED_LEFT_20251121_152716_909233.jpg,0.8,0.778918,0.816368,0.777388,0.812775
20251121_152717_159233,41.00625,-0.0666,-0.0705,1.27,12.2,39.99375,40.1625,40.10625,39.99375,0.024691358,0.020576132,0.021947874,0.024691358,train/episode_177_part3/images/ZED_LEFT/ZED_LEFT_20251121_152717_159233.jpg,train/episode_177_part3/images/road_img/ZED_LEFT_20251121_152717_159233.jpg,0.8,0.744308,0.831024,0.776959,0.824226
20251121_152717_159233,40.921875,-0.062075000000000026,-0.06185000000000004,1.1175000000000006,12.075,39.7828125,39.965625,39.923437500000006,39.8390625,0.027854617999999987,0.02338507274999999,0.02441387924999999,0.026471492249999992,train/episode_177_part3/images/ZED_LEFT/ZED_LEFT_20251121_152717_159233.jpg,train/episode_177_part3/images/road_img/ZED_LEFT_20251121_152717_159233.jpg,0.8,0.744308,0.835130,0.776264,0.824334
20251121_152717_159233,40.837500000000006,-0.057550000000000004,-0.0532,0.9650000000000001,11.95,39.571875,39.76875,39.740625,39.684375,0.031017878,0.026194013500000002,0.0268798845,0.0282516265,train/episode_177_part3/images/ZED_LEFT/ZED_LEFT_20251121_152717_159233.jpg,train/episode_177_part3/images/road_img/ZED_LEFT_20251121_152717_159233.jpg,0.8,0.744308,0.836121,0.775092,0.823911
20251121_152717_159233,40.753125000000004,-0.053025000000000024,-0.04455000000000004,0.8125000000000007,11.825,39.3609375,39.571875,39.557812500000004,39.5296875,0.034181137999999986,0.029002954249999987,0.02934588974999999,0.03003176074999999,train/episode_177_part3/images/ZED_LEFT/ZED_LEFT_20251121_152717_159233.jpg,train/episode_177_part3/images/road_img/ZED_LEFT_20251121_152717_159233.jpg,0.8,0.744308,0.834714,0.773470,0.822898
20251121_152717_159233,40.66875,-0.04850000000000004,-0.03590000000000008,0.6600000000000014,11.700000000000001,39.15,39.375,39.375,39.375,0.03734439799999997,0.03181189499999997,0.03181189499999998,0.031811894999999986,train/episode_177_part3/images/ZED_LEFT/ZED_LEFT_20251121_152717_159233.jpg,train/episode_177_part3/images/road_img/ZED_LEFT_20251121_152717_159233.jpg,0.8,0.744308,0.824971,0.771116,0.820010
20251121_152717_409233,40.556250000000006,-0.02892500000000004,-0.05002499999999997,0.8524999999999996,11.425,38.9671875,39.15,39.234375,39.178125,0.039197109749999993,0.03469808199999999,0.03260018,0.03399878149999999,train/episode_177_part3/images/ZED_LEFT/ZED_LEFT_20251121_152717_409233.jpg,train/episode_177_part3/images/road_img/ZED_LEFT_20251121_152717_409233.jpg,0.8,0.775467,0.810687,0.775345,0.808276
20251121_152717_409233,40.44375,-0.00935000000000008,-0.06414999999999993,1.044999999999999,11.15,38.784375000000004,38.925000000000004,39.09375,38.98125,0.04104982149999999,0.03758426899999999,0.03338846499999999,0.03618566799999999,train/episode_177_part3/images/ZED_LEFT/ZED_LEFT_20251121_152717_409233.jpg,train/episode_177_part3/images/road_img/ZED_LEFT_20251121_152717_409233.jpg,0.8,0.775467,0.799174,0.777478,0.805533
20251121_152717_409233,40.331250000000004,0.010224999999999873,-0.0782749999999999,1.2374999999999987,10.875000000000002,38.6015625,38.7,38.953125,38.784375,0.042902533249999986,0.04047045599999998,0.03417674999999999,0.03837255449999999,train/episode_177_part3/images/ZED_LEFT/ZED_LEFT_20251121_152717_409233.jpg,train/episode_177_part3/images/road_img/ZED_LEFT_20251121_152717_409233.jpg,0.8,0.775467,0.797247,0.778915,0.805756
20251121_152717_659233,40.21875,0.0298,-0.0924,1.43,10.6,38.41875,38.475,38.8125,38.5875,0.044755245,0.043356643,0.034965035,0.040559441,train/episode_177_part3/images/ZED_LEFT/ZED_LEFT_20251121_152717_659233.jpg,train/episode_177_part3/images/road_img/ZED_LEFT_20251121_152717_659233.jpg,0.8,0.806860,0.805796,0.787190,0.807764
20251121_152717_659233,40.0640625,0.003975000000000117,-0.07820000000000006,1.3150000000000004,10.275000000000002,38.3203125,38.446875,38.615625,38.4046875,0.04350961550000001,0.040329982250000014,0.03616695799999999,0.041428103499999994,train/episode_177_part3/images/ZED_LEFT/ZED_LEFT_20251121_152717_659233.jpg,train/episode_177_part3/images/road_img/ZED_LEFT_20251121_152717_659233.jpg,0.8,0.806860,0.808616,0.793283,0.808673
20251121_152717_659233,39.909375,-0.021849999999999994,-0.064,1.2,9.95,38.221875,38.41875,38.41875,38.221875,0.042263986,0.0373033215,0.037368881,0.042296766,train/episode_177_part3/images/ZED_LEFT/ZED_LEFT_20251121_152717_659233.jpg,train/episode_177_part3/images/road_img/ZED_LEFT_20251121_152717_659233.jpg,0.8,0.806860,0.810490,0.797777,0.808742
20251121_152717_659233,39.7546875,-0.04767499999999988,-0.04980000000000006,1.0850000000000004,9.625000000000002,38.1234375,38.390625,38.221875,38.0390625,0.041018356500000006,0.034276660750000014,0.03857080399999999,0.04316542849999999,train/episode_177_part3/images/ZED_LEFT/ZED_LEFT_20251121_152717_659233.jpg,train/episode_177_part3/images/road_img/ZED_LEFT_20251121_152717_659233.jpg,0.8,0.806860,0.811143,0.801023,0.807901
20251121_152717_659233,39.6,-0.07349999999999976,-0.035600000000000125,0.9700000000000011,9.300000000000004,38.025,38.3625,38.025,37.85625,0.03977272700000001,0.03125000000000003,0.039772726999999994,0.04403409099999999,train/episode_177_part3/images/ZED_LEFT/ZED_LEFT_20251121_152717_659233.jpg,train/episode_177_part3/images/road_img/ZED_LEFT_20251121_152717_659233.jpg,0.8,0.806860,0.802535,0.802226,0.803442
20251121_152717_909233,39.417187500000004,-0.06592500000000003,-0.04497499999999996,1.0449999999999997,9.175,37.7578125,38.0953125,37.8140625,37.7015625,0.04213055824999999,0.03356774599999999,0.04068338025,0.04351760875,train/episode_177_part3/images/ZED_LEFT/ZED_LEFT_20251121_152717_909233.jpg,train/episode_177_part3/images/road_img/ZED_LEFT_20251121_152717_909233.jpg,0.8,0.820844,0.793904,0.804386,0.804873
20251121_152717_909233,39.234375,-0.05835000000000007,-0.05434999999999991,1.1199999999999992,9.050000000000002,37.490625,37.828125,37.603125,37.546875,0.044488389499999975,0.03588549199999998,0.04159403349999999,0.04300112650000001,train/episode_177_part3/images/ZED_LEFT/ZED_LEFT_20251121_152717_909233.jpg,train/episode_177_part3/images/road_img/ZED_LEFT_20251121_152717_909233.jpg,0.8,0.820844,0.791855,0.805636,0.802956
20251121_152717_909233,39.0515625,-0.050775000000000035,-0.06372499999999996,1.1949999999999996,8.925,37.223437499999996,37.5609375,37.3921875,37.3921875,0.04684622074999999,0.038203237999999994,0.04250468674999999,0.04248464425,train/episode_177_part3/images/ZED_LEFT/ZED_LEFT_20251121_152717_909233.jpg,train/episode_177_part3/images/road_img/ZED_LEFT_20251121_152717_909233.jpg,0.8,0.820844,0.802254,0.807797,0.805984
20251121_152717_909233,38.86875,-0.04320000000000007,-0.07309999999999992,1.2699999999999994,8.800000000000002,36.95625,37.29375,37.18125,37.2375,0.04920405199999998,0.04052098399999998,0.04341533999999999,0.04196816200000001,train/episode_177_part3/images/ZED_LEFT/ZED_LEFT_20251121_152717_909233.jpg,train/episode_177_part3/images/road_img/ZED_LEFT_20251121_152717_909233.jpg,0.8,0.820844,0.821207,0.811760,0.812791
20251121_152718_159233,38.6859375,-0.04062500000000003,-0.0813999999999999,1.2125000000000006,8.825000000000001,36.84375,37.110937500000006,37.0265625,36.928125,0.04759625425000002,0.04071522175,0.042885988750000006,0.045487920999999966,train/episode_177_part3/images/ZED_LEFT/ZED_LEFT_20251121_152718_159233.jpg,train/episode_177_part3/images/road_img/ZED_LEFT_20251121_152718_159233.jpg,0.8,0.865703,0.828807,0.823068,0.815228
20251121_152718_159233,38.503125000000004,-0.038050000000000014,-0.08969999999999996,1.1550000000000002,8.85,36.73125,36.928125,36.871875,36.61875,0.04598845650000001,0.0409094595,0.0423566375,0.049007679999999984,train/episode_177_part3/images/ZED_LEFT/ZED_LEFT_20251121_152718_159233.jpg,train/episode_177_part3/images/road_img/ZED_LEFT_20251121_152718_159233.jpg,0.8,0.865703,0.831564,0.831395,0.817697
20251121_152718_159233,38.3203125,-0.03547500000000002,-0.09799999999999995,1.0975000000000004,8.875,36.61875,36.745312500000004,36.7171875,36.309375,0.04438065875000001,0.04110369725,0.041827286250000005,0.052527438999999974,train/episode_177_part3/images/ZED_LEFT/ZED_LEFT_20251121_152718_159233.jpg,train/episode_177_part3/images/road_img/ZED_LEFT_20251121_152718_159233.jpg,0.8,0.865703,0.831921,0.837309,0.819409
20251121_152718_409233,38.1375,-0.0329,-0.1063,1.04,8.9,36.50625,36.5625,36.5625,36.0,0.042772861,0.041297935,0.041297935,0.056047198,train/episode_177_part3/images/ZED_LEFT/ZED_LEFT_20251121_152718_409233.jpg,train/episode_177_part3/images/road_img/ZED_LEFT_20251121_152718_409233.jpg,0.8,0.820036,0.831133,0.833599,0.805908
20251121_152718_409233,38.0390625,-0.02590000000000003,-0.10997499999999999,0.9450000000000005,9.624999999999996,36.28125,36.3375,36.3375,35.8734375,0.04623761899999999,0.044758846249999984,0.044758846249999984,0.056938528249999995,train/episode_177_part3/images/ZED_LEFT/ZED_LEFT_20251121_152718_409233.jpg,train/episode_177_part3/images/road_img/ZED_LEFT_20251121_152718_409233.jpg,0.8,0.820036,0.829551,0.830821,0.806343
20251121_152718_409233,37.940625000000004,-0.018900000000000063,-0.11364999999999997,0.8500000000000009,10.349999999999994,36.056250000000006,36.112500000000004,36.112500000000004,35.746875,0.04970237699999997,0.048219757499999974,0.048219757499999974,0.05782985849999999,train/episode_177_part3/images/ZED_LEFT/ZED_LEFT_20251121_152718_409233.jpg,train/episode_177_part3/images/road_img/ZED_LEFT_20251121_152718_409233.jpg,0.8,0.820036,0.827949,0.828683,0.806371
20251121_152718_409233,37.8421875,-0.011900000000000029,-0.11732499999999998,0.7550000000000004,11.074999999999998,35.831250000000004,35.8875,35.8875,35.6203125,0.05316713499999999,0.05168066874999999,0.05168066874999999,0.05872118875,train/episode_177_part3/images/ZED_LEFT/ZED_LEFT_20251121_152718_409233.jpg,train/episode_177_part3/images/road_img/ZED_LEFT_20251121_152718_409233.jpg,0.8,0.820036,0.826422,0.826993,0.806110
20251121_152718_409233,37.74375,-0.0049000000000000606,-0.12099999999999997,0.6600000000000008,11.799999999999994,35.60625,35.6625,35.6625,35.49375,0.056631892999999975,0.055141579999999975,0.055141579999999975,0.059612518999999996,train/episode_177_part3/images/ZED_LEFT/ZED_LEFT_20251121_152718_409233.jpg,train/episode_177_part3/images/road_img/ZED_LEFT_20251121_152718_409233.jpg,0.8,0.820036,0.824808,0.825596,0.805638
20251121_152718_659233,37.575,-0.015974999999999975,-0.10565000000000004,0.7899999999999997,11.925,35.465625,35.521875,35.4515625,35.4515625,0.056130976000000006,0.054633878500000004,0.05653069175,0.056469632000000006,train/episode_177_part3/images/ZED_LEFT/ZED_LEFT_20251121_152718_659233.jpg,train/episode_177_part3/images/road_img/ZED_LEFT_20251121_152718_659233.jpg,0.8,0.688494,0.824171,0.797482,0.813202
20251121_152718_659233,37.40625,-0.02704999999999995,-0.09030000000000007,0.9199999999999995,12.05,35.325,35.38125,35.240625,35.409375000000004,0.055630059,0.054126177000000004,0.0579198035,0.053326745000000016,train/episode_177_part3/images/ZED_LEFT/ZED_LEFT_20251121_152718_659233.jpg,train/episode_177_part3/images/road_img/ZED_LEFT_20251121_152718_659233.jpg,0.8,0.688494,0.824374,0.776501,0.812654
20251121_152718_659233,37.237500000000004,-0.03812499999999992,-0.0749500000000001,1.0499999999999992,12.175,35.184375,35.240625,35.0296875,35.3671875,0.055129142000000006,0.053618475500000005,0.05930891525,0.050183858000000026,train/episode_177_part3/images/ZED_LEFT/ZED_LEFT_20251121_152718_659233.jpg,train/episode_177_part3/images/road_img/ZED_LEFT_20251121_152718_659233.jpg,0.8,0.688494,0.824849,0.760643,0.811598
20251121_152718_909233,37.06875,-0.0492,-0.0596,1.18,12.3,35.04375,35.1,34.81875,35.325,0.054628225,0.053110774,0.060698027,0.047040971,train/episode_177_part3/images/ZED_LEFT/ZED_LEFT_20251121_152718_909233.jpg,train/episode_177_part3/images/road_img/ZED_LEFT_20251121_152718_909233.jpg,0.8,0.722642,0.823807,0.758732,0.803331
20251121_152718_909233,36.9421875,-0.02375000000000011,-0.06757499999999997,0.955000000000001,12.425,34.846875000000004,34.917187500000004,34.7203125,35.057812500000004,0.05674039949999999,0.05483308049999999,0.060138904750000007,0.05104995899999998,train/episode_177_part3/images/ZED_LEFT/ZED_LEFT_20251121_152718_909233.jpg,train/episode_177_part3/images/road_img/ZED_LEFT_20251121_152718_909233.jpg,0.8,0.722642,0.816478,0.756023,0.799924
20251121_152718_909233,36.815625000000004,0.001699999999999778,-0.07554999999999992,0.730000000000002,12.549999999999999,34.650000000000006,34.734375,34.621875,34.790625000000006,0.05885257399999998,0.056555386999999985,0.059579782500000004,0.05505894699999996,train/episode_177_part3/images/ZED_LEFT/ZED_LEFT_20251121_152718_909233.jpg,train/episode_177_part3/images/road_img/ZED_LEFT_20251121_152718_909233.jpg,0.8,0.722642,0.800628,0.752390,0.796102
20251121_152718_909233,36.6890625,0.02714999999999989,-0.08352499999999996,0.505000000000001,12.675,34.453125,34.5515625,34.5234375,34.5234375,0.060964748499999985,0.05827769349999999,0.05902066025,0.059067934999999974,train/episode_177_part3/images/ZED_LEFT/ZED_LEFT_20251121_152718_909233.jpg,train/episode_177_part3/images/road_img/ZED_LEFT_20251121_152718_909233.jpg,0.8,0.722642,0.784264,0.748429,0.793346
20251121_152718_909233,36.5625,0.05259999999999978,-0.09149999999999991,0.280000000000002,12.799999999999999,34.25625,34.36875,34.425,34.25625,0.06307692299999998,0.059999999999999984,0.05846153800000001,0.06307692299999995,train/episode_177_part3/images/ZED_LEFT/ZED_LEFT_20251121_152718_909233.jpg,train/episode_177_part3/images/road_img/ZED_LEFT_20251121_152718_909233.jpg,0.8,0.722642,0.769831,0.744563,0.793744
20251121_152719_159233,36.309375,0.039100000000000065,-0.0687000000000001,0.537499999999999,13.149999999999999,34.073437500000004,34.171875,34.199999999999996,34.0453125,0.0615481985,0.05884493675000001,0.05808665975,0.062339337749999994,train/episode_177_part3/images/ZED_LEFT/ZED_LEFT_20251121_152719_159233.jpg,train/episode_177_part3/images/road_img/ZED_LEFT_20251121_152719_159233.jpg,0.8,0.754679,0.734293,0.745801,0.808352
20251121_152719_159233,36.05625,0.025600000000000123,-0.0459000000000002,0.7949999999999978,13.499999999999996,33.890625,33.975,33.975,33.834375,0.06001947400000001,0.05768987350000001,0.0577117815,0.0616017525,train/episode_177_part3/images/ZED_LEFT/ZED_LEFT_20251121_152719_159233.jpg,train/episode_177_part3/images/road_img/ZED_LEFT_20251121_152719_159233.jpg,0.8,0.754679,0.685232,0.742574,0.800273
20251121_152719_159233,35.803125,0.012100000000000187,-0.0231000000000003,1.0524999999999967,13.849999999999994,33.7078125,33.778125,33.75,33.6234375,0.05849074950000002,0.05653481025000001,0.05733690325,0.060864167250000004,train/episode_177_part3/images/ZED_LEFT/ZED_LEFT_20251121_152719_159233.jpg,train/episode_177_part3/images/road_img/ZED_LEFT_20251121_152719_159233.jpg,0.8,0.754679,0.642982,0.738572,0.793618
20251121_152719_159233,35.550000000000004,-0.0013999999999997556,-0.00030000000000039717,1.3099999999999956,14.199999999999992,33.525,33.58125,33.525000000000006,33.41250000000001,0.05696202500000003,0.05537974700000002,0.056962025000000006,0.06012658200000001,train/episode_177_part3/images/ZED_LEFT/ZED_LEFT_20251121_152719_159233.jpg,train/episode_177_part3/images/road_img/ZED_LEFT_20251121_152719_159233.jpg,0.8,0.754679,0.629357,0.736534,0.792889
20251121_152719_409233,35.521875,-0.01244999999999995,-0.02807499999999988,1.2250000000000003,14.225,33.35625,33.4125,33.4125,33.328125,0.06097548699999998,0.05939195299999998,0.05938818549999999,0.06176160324999999,train/episode_177_part3/images/ZED_LEFT/ZED_LEFT_20251121_152719_409233.jpg,train/episode_177_part3/images/road_img/ZED_LEFT_20251121_152719_409233.jpg,0.8,0.771531,0.632490,0.740850,0.795913
20251121_152719_409233,35.49375,-0.0234999999999999,-0.05584999999999976,1.1400000000000008,14.25,33.1875,33.24375,33.300000000000004,33.243750000000006,0.06498894899999996,0.06340415899999996,0.06181434599999998,0.06339662449999998,train/episode_177_part3/images/ZED_LEFT/ZED_LEFT_20251121_152719_409233.jpg,train/episode_177_part3/images/road_img/ZED_LEFT_20251121_152719_409233.jpg,0.8,0.771531,0.638984,0.744489,0.797501
20251121_152719_409233,35.465625,-0.03454999999999985,-0.08362499999999963,1.055000000000001,14.275,33.018750000000004,33.075,33.1875,33.159375000000004,0.06900241099999994,0.06741636499999995,0.06424050649999996,0.06503164574999998,train/episode_177_part3/images/ZED_LEFT/ZED_LEFT_20251121_152719_409233.jpg,train/episode_177_part3/images/road_img/ZED_LEFT_20251121_152719_409233.jpg,0.8,0.771531,0.656024,0.747593,0.798757
20251121_152719_409233,35.4375,-0.0455999999999998,-0.11139999999999951,0.9700000000000015,14.3,32.85,32.90625,33.075,33.075,0.07301587299999993,0.07142857099999993,0.06666666699999996,0.06666666699999997,train/episode_177_part3/images/ZED_LEFT/ZED_LEFT_20251121_152719_409233.jpg,train/episode_177_part3/images/road_img/ZED_LEFT_20251121_152719_409233.jpg,0.8,0.771531,0.747559,0.753366,0.812657
20251121_152719_659233,35.3109375,-0.0513249999999999,-0.1051500000000001,1.0474999999999985,14.424999999999999,32.653125,32.681250000000006,32.821875000000006,32.807812500000004,0.07529330574999996,0.07450540574999995,0.07053140124999993,0.07093397774999992,train/episode_177_part3/images/ZED_LEFT/ZED_LEFT_20251121_152719_659233.jpg,train/episode_177_part3/images/road_img/ZED_LEFT_20251121_152719_659233.jpg,0.8,0.785276,0.818088,0.765071,0.796788
20251121_152719_659233,35.184375,-0.057050000000000003,-0.0989,1.125,14.55,32.45625,32.45625,32.56875,32.540625000000006,0.0775707385,0.0775822405,0.0743961355,0.07520128849999999,train/episode_177_part3/images/ZED_LEFT/ZED_LEFT_20251121_152719_659233.jpg,train/episode_177_part3/images/road_img/ZED_LEFT_20251121_152719_659233.jpg,0.8,0.785276,0.822161,0.773709,0.800651
20251121_152719_659233,35.0578125,-0.062775,-0.09265000000000001,1.2025000000000001,14.675,32.259375,32.23125,32.315625,32.2734375,0.07984817125,0.08065907524999999,0.07826086975,0.07946859925,train/episode_177_part3/images/ZED_LEFT/ZED_LEFT_20251121_152719_659233.jpg,train/episode_177_part3/images/road_img/ZED_LEFT_20251121_152719_659233.jpg,0.8,0.785276,0.821956,0.779903,0.800586
20251121_152719_909233,34.93125,-0.0685,-0.0864,1.28,14.8,32.0625,32.00625,32.0625,32.00625,0.082125604,0.08373591,0.082125604,0.08373591,train/episode_177_part3/images/ZED_LEFT/ZED_LEFT_20251121_152719_909233.jpg,train/episode_177_part3/images/road_img/ZED_LEFT_20251121_152719_909233.jpg,0.8,0.855474,0.821632,0.799909,0.812092
20251121_152719_909233,34.7203125,-0.04805000000000009,-0.08295000000000002,1.2425000000000002,14.775,31.9640625,31.9921875,32.1328125,31.9640625,0.07933347700000001,0.07847850025000001,0.07438298200000004,0.07930358275000002,train/episode_177_part3/images/ZED_LEFT/ZED_LEFT_20251121_152719_909233.jpg,train/episode_177_part3/images/road_img/ZED_LEFT_20251121_152719_909233.jpg,0.8,0.855474,0.819275,0.813598,0.810353
20251121_152719_909233,34.509375,-0.02760000000000018,-0.07950000000000003,1.2050000000000003,14.75,31.865625,31.978125000000002,32.203125,31.921875,0.07654135000000002,0.07322109050000004,0.06664036000000007,0.07487125550000004,train/episode_177_part3/images/ZED_LEFT/ZED_LEFT_20251121_152719_909233.jpg,train/episode_177_part3/images/road_img/ZED_LEFT_20251121_152719_909233.jpg,0.8,0.855474,0.813167,0.822586,0.807538
20251121_152719_909233,34.2984375,-0.007149999999999906,-0.07604999999999998,1.1674999999999998,14.725,31.7671875,31.9640625,32.2734375,31.8796875,0.07374922299999999,0.06796368074999998,0.05889773799999996,0.07043892824999998,train/episode_177_part3/images/ZED_LEFT/ZED_LEFT_20251121_152719_909233.jpg,train/episode_177_part3/images/road_img/ZED_LEFT_20251121_152719_909233.jpg,0.8,0.855474,0.801762,0.827920,0.804212
20251121_152720_159233,34.0875,0.0133,-0.0726,1.13,14.7,31.66875,31.95,32.34375,31.8375,0.070957096,0.062706271,0.051155116,0.066006601,train/episode_177_part3/images/ZED_LEFT/ZED_LEFT_20251121_152720_159233.jpg,train/episode_177_part3/images/road_img/ZED_LEFT_20251121_152720_159233.jpg,0.8,0.737443,0.789654,0.805191,0.806197
20251121_152720_159233,33.9609375,0.0013500000000000525,-0.07897499999999998,1.1349999999999998,14.525,31.5421875,31.7953125,32.146875,31.66875,0.07122452224999999,0.063780122,0.05344171399999999,0.06751165099999999,train/episode_177_part3/images/ZED_LEFT/ZED_LEFT_20251121_152720_159233.jpg,train/episode_177_part3/images/road_img/ZED_LEFT_20251121_152720_159233.jpg,0.8,0.737443,0.785022,0.788936,0.806420
20251121_152720_159233,33.834375,-0.010599999999999894,-0.08534999999999994,1.14,14.350000000000001,31.415625000000002,31.640625,31.950000000000003,31.5,0.0714919485,0.06485397299999998,0.055728311999999974,0.06901670099999999,train/episode_177_part3/images/ZED_LEFT/ZED_LEFT_20251121_152720_159233.jpg,train/episode_177_part3/images/road_img/ZED_LEFT_20251121_152720_159233.jpg,0.8,0.737443,0.789410,0.777937,0.808889
20251121_152720_159233,33.707812499999996,-0.02254999999999984,-0.09172499999999992,1.1449999999999998,14.175000000000002,31.289062500000004,31.485937500000002,31.753125,31.331250000000004,0.07175937475,0.06592782399999998,0.05801490999999997,0.07052175099999998,train/episode_177_part3/images/ZED_LEFT/ZED_LEFT_20251121_152720_159233.jpg,train/episode_177_part3/images/road_img/ZED_LEFT_20251121_152720_159233.jpg,0.8,0.737443,0.799601,0.771002,0.812037
20251121_152720_409233,33.58125,-0.0345,-0.0981,1.15,14.0,31.1625,31.33125,31.55625,31.1625,0.072026801,0.067001675,0.060301508,0.072026801,train/episode_177_part3/images/ZED_LEFT/ZED_LEFT_20251121_152720_409233.jpg,train/episode_177_part3/images/road_img/ZED_LEFT_20251121_152720_409233.jpg,0.8,0.681495,0.807596,0.751698,0.816318
20251121_152720_409233,33.4125,-0.04434999999999996,-0.10112499999999999,1.1824999999999999,14.374999999999998,31.021875,31.1625,31.373437499999998,31.1484375,0.07154146825,0.06734527324999999,0.06103809674999999,0.06769531450000002,train/episode_177_part3/images/ZED_LEFT/ZED_LEFT_20251121_152720_409233.jpg,train/episode_177_part3/images/road_img/ZED_LEFT_20251121_152720_409233.jpg,0.8,0.681495,0.809975,0.737431,0.818142
20251121_152720_409233,33.24375,-0.054199999999999915,-0.10414999999999998,1.2149999999999996,14.749999999999996,30.88125,30.993750000000002,31.190625,31.134375000000002,0.0710561355,0.0676888715,0.061774685499999996,0.06336382800000004,train/episode_177_part3/images/ZED_LEFT/ZED_LEFT_20251121_152720_409233.jpg,train/episode_177_part3/images/road_img/ZED_LEFT_20251121_152720_409233.jpg,0.8,0.681495,0.810932,0.726764,0.819393
20251121_152720_409233,33.075,-0.06404999999999987,-0.10717499999999996,1.2474999999999996,15.124999999999995,30.740625000000005,30.825000000000003,31.0078125,31.1203125,0.07057080275000001,0.06803246974999999,0.06251127424999998,0.05903234150000006,train/episode_177_part3/images/ZED_LEFT/ZED_LEFT_20251121_152720_409233.jpg,train/episode_177_part3/images/road_img/ZED_LEFT_20251121_152720_409233.jpg,0.8,0.681495,0.811272,0.718686,0.820225
20251121_152720_409233,32.90625,-0.07389999999999983,-0.11019999999999995,1.2799999999999994,15.499999999999993,30.600000000000005,30.656250000000004,30.825000000000003,31.10625,0.07008547000000001,0.068376068,0.06324786299999999,0.054700855000000076,train/episode_177_part3/images/ZED_LEFT/ZED_LEFT_20251121_152720_409233.jpg,train/episode_177_part3/images/road_img/ZED_LEFT_20251121_152720_409233.jpg,0.8,0.681495,0.811322,0.712481,0.820617
20251121_152720_659233,32.79375,-0.060250000000000054,-0.09847500000000006,1.3649999999999998,15.150000000000002,30.4875,30.54375,30.5859375,30.8953125,0.0703284005,0.0686130735,0.06736657324999998,0.057923388249999985,train/episode_177_part3/images/ZED_LEFT/ZED_LEFT_20251121_152720_659233.jpg,train/episode_177_part3/images/road_img/ZED_LEFT_20251121_152720_659233.jpg,0.8,0.734254,0.810982,0.722754,0.799683
20251121_152720_659233,32.68125,-0.046600000000000114,-0.0867500000000001,1.4499999999999993,14.800000000000002,30.375,30.431250000000002,30.346875,30.684375000000003,0.070571331,0.068850079,0.07148528349999997,0.06114592149999997,train/episode_177_part3/images/ZED_LEFT/ZED_LEFT_20251121_152720_659233.jpg,train/episode_177_part3/images/road_img/ZED_LEFT_20251121_152720_659233.jpg,0.8,0.734254,0.809886,0.729855,0.798583
20251121_152720_659233,32.56875,-0.03295000000000018,-0.07502500000000015,1.5349999999999988,14.450000000000005,30.2625,30.31875,30.1078125,30.473437500000003,0.0708142615,0.0690870845,0.07560399374999995,0.06436845474999996,train/episode_177_part3/images/ZED_LEFT/ZED_LEFT_20251121_152720_659233.jpg,train/episode_177_part3/images/road_img/ZED_LEFT_20251121_152720_659233.jpg,0.8,0.734254,0.804094,0.734588,0.793497
20251121_152720_659233,32.45625,-0.01930000000000024,-0.0633000000000002,1.6199999999999986,14.100000000000005,30.150000000000002,30.206250000000004,29.868750000000002,30.262500000000003,0.071057192,0.06932409,0.07972270399999994,0.06759098799999995,train/episode_177_part3/images/ZED_LEFT/ZED_LEFT_20251121_152720_659233.jpg,train/episode_177_part3/images/road_img/ZED_LEFT_20251121_152720_659233.jpg,0.8,0.734254,0.766356,0.736292,0.776024
20251121_152720_909233,32.3015625,-0.011200000000000146,-0.09312499999999947,1.6424999999999996,13.900000000000004,29.9953125,30.079687500000002,29.826562499999998,30.234375,0.07140243475,0.06877751975000002,0.07657648025000006,0.06394412450000007,train/episode_177_part3/images/ZED_LEFT/ZED_LEFT_20251121_152720_909233.jpg,train/episode_177_part3/images/road_img/ZED_LEFT_20251121_152720_909233.jpg,0.8,0.749048,0.745404,0.739871,0.763940
20251121_152720_909233,32.146875,-0.0031000000000001478,-0.12294999999999948,1.6649999999999996,13.700000000000003,29.840625000000003,29.953125000000004,29.784375,30.20625,0.0717476775,0.06823094950000001,0.07343025650000007,0.06029726100000007,train/episode_177_part3/images/ZED_LEFT/ZED_LEFT_20251121_152720_909233.jpg,train/episode_177_part3/images/road_img/ZED_LEFT_20251121_152720_909233.jpg,0.8,0.749048,0.760771,0.743527,0.772658
20251121_152720_909233,31.9921875,0.0049999999999999975,-0.152775,1.6875,13.5,29.6859375,29.8265625,29.7421875,30.178124999999998,0.07209292025,0.06768437925000001,0.07028403275,0.0566503975,train/episode_177_part3/images/ZED_LEFT/ZED_LEFT_20251121_152720_909233.jpg,train/episode_177_part3/images/road_img/ZED_LEFT_20251121_152720_909233.jpg,0.8,0.749048,0.788636,0.748358,0.786479
20251121_152721_159233,31.8375,0.0131,-0.1826,1.71,13.3,29.53125,29.7,29.7,30.15,0.072438163,0.067137809,0.067137809,0.053003534,train/episode_177_part3/images/ZED_LEFT/ZED_LEFT_20251121_152721_159233.jpg,train/episode_177_part3/images/road_img/ZED_LEFT_20251121_152721_159233.jpg,0.8,0.710765,0.797866,0.743569,0.782172
20251121_152721_159233,31.809375,0.03599999999999989,-0.1575000000000001,1.7025,12.850000000000003,29.503125,29.671875,29.615625,30.009375,0.072502381,0.0671973285,0.068970378,0.05659662224999998,train/episode_177_part3/images/ZED_LEFT/ZED_LEFT_20251121_152721_159233.jpg,train/episode_177_part3/images/road_img/ZED_LEFT_20251121_152721_159233.jpg,0.8,0.710765,0.797507,0.739751,0.783075
20251121_152721_159233,31.78125,0.05889999999999979,-0.13240000000000024,1.695,12.400000000000004,29.475,29.64375,29.53125,29.86875,0.072566599,0.067256848,0.07080294699999999,0.060189710499999965,train/episode_177_part3/images/ZED_LEFT/ZED_LEFT_20251121_152721_159233.jpg,train/episode_177_part3/images/road_img/ZED_LEFT_20251121_152721_159233.jpg,0.8,0.710765,0.797472,0.736682,0.783583
20251121_152721_159233,31.753125,0.08179999999999969,-0.10730000000000033,1.6875,11.950000000000006,29.446875,29.615624999999998,29.446875000000002,29.728125000000002,0.072630817,0.0673163675,0.07263551599999998,0.06378279874999995,train/episode_177_part3/images/ZED_LEFT/ZED_LEFT_20251121_152721_159233.jpg,train/episode_177_part3/images/road_img/ZED_LEFT_20251121_152721_159233.jpg,0.8,0.710765,0.794897,0.734060,0.783818
20251121_152721_409233,31.725,0.1047,-0.0822,1.68,11.5,29.41875,29.5875,29.3625,29.5875,0.072695035,0.067375887,0.074468085,0.067375887,train/episode_177_part3/images/ZED_LEFT/ZED_LEFT_20251121_152721_409233.jpg,train/episode_177_part3/images/road_img/ZED_LEFT_20251121_152721_409233.jpg,0.8,0.717009,0.772660,0.732457,0.813837
20251121_152721_409233,31.5140625,0.07827500000000012,-0.07345000000000004,1.5800000000000005,11.825,29.390625,29.4890625,29.306250000000002,29.41875,0.06727173150000003,0.06419311750000001,0.06996763925000002,0.0664699845,train/episode_177_part3/images/ZED_LEFT/ZED_LEFT_20251121_152721_409233.jpg,train/episode_177_part3/images/road_img/ZED_LEFT_20251121_152721_409233.jpg,0.8,0.717009,0.726292,0.728501,0.809977
20251121_152721_409233,31.303125000000005,0.051850000000000236,-0.06470000000000008,1.4800000000000009,12.149999999999997,29.3625,29.390625,29.25,29.25,0.06184842800000005,0.06101034800000003,0.06546719350000005,0.06556408200000001,train/episode_177_part3/images/ZED_LEFT/ZED_LEFT_20251121_152721_409233.jpg,train/episode_177_part3/images/road_img/ZED_LEFT_20251121_152721_409233.jpg,0.8,0.717009,0.688304,0.722796,0.806620
20251121_152721_409233,31.092187500000005,0.02542500000000035,-0.05595000000000011,1.3800000000000012,12.474999999999996,29.334374999999998,29.2921875,29.19375,29.081250000000004,0.056425124500000076,0.057827578500000046,0.060966747750000064,0.06465817950000001,train/episode_177_part3/images/ZED_LEFT/ZED_LEFT_20251121_152721_409233.jpg,train/episode_177_part3/images/road_img/ZED_LEFT_20251121_152721_409233.jpg,0.8,0.717009,0.700999,0.719685,0.807351
20251121_152721_409233,30.881250000000005,-0.000999999999999529,-0.04720000000000016,1.2800000000000018,12.799999999999995,29.30625,29.19375,29.1375,28.912500000000005,0.0510018210000001,0.05464480900000006,0.05646630200000008,0.06375227700000001,train/episode_177_part3/images/ZED_LEFT/ZED_LEFT_20251121_152721_409233.jpg,train/episode_177_part3/images/road_img/ZED_LEFT_20251121_152721_409233.jpg,0.8,0.717009,0.738168,0.720818,0.809981
20251121_152721_659233,30.712500000000002,0.0050999999999999735,-0.056349999999999956,1.4624999999999992,12.575000000000001,29.2359375,29.08125,29.0390625,28.884375000000002,0.04802790200000002,0.053087889750000006,0.05445400950000001,0.059452941500000016,train/episode_177_part3/images/ZED_LEFT/ZED_LEFT_20251121_152721_659233.jpg,train/episode_177_part3/images/road_img/ZED_LEFT_20251121_152721_659233.jpg,0.8,0.789823,0.744449,0.737337,0.811701
20251121_152721_659233,30.543750000000003,0.011199999999999946,-0.06549999999999992,1.6449999999999982,12.350000000000003,29.165625,28.96875,28.940625,28.856250000000003,0.04505398300000003,0.051530970500000016,0.05244171700000002,0.055153606000000036,train/episode_177_part3/images/ZED_LEFT/ZED_LEFT_20251121_152721_659233.jpg,train/episode_177_part3/images/road_img/ZED_LEFT_20251121_152721_659233.jpg,0.8,0.789823,0.748069,0.749180,0.812431
20251121_152721_659233,30.375000000000004,0.01729999999999992,-0.07464999999999988,1.8274999999999975,12.125000000000004,29.0953125,28.85625,28.8421875,28.828125,0.04208006400000004,0.049974051250000026,0.05042942450000003,0.050854270500000055,train/episode_177_part3/images/ZED_LEFT/ZED_LEFT_20251121_152721_659233.jpg,train/episode_177_part3/images/road_img/ZED_LEFT_20251121_152721_659233.jpg,0.8,0.789823,0.751976,0.757767,0.813086
20251121_152721_659233,30.206250000000004,0.023399999999999893,-0.08379999999999983,2.0099999999999967,11.900000000000004,29.025,28.743750000000002,28.74375,28.8,0.03910614500000006,0.04841713200000003,0.048417132000000036,0.046554935000000075,train/episode_177_part3/images/ZED_LEFT/ZED_LEFT_20251121_152721_659233.jpg,train/episode_177_part3/images/road_img/ZED_LEFT_20251121_152721_659233.jpg,0.8,0.789823,0.759632,0.764415,0.813993
20251121_152721_909233,30.1921875,-2.49999999994803e-05,-0.08132500000000005,1.822500000000004,11.47500000000001,28.926562500000003,28.7296875,28.8140625,28.7859375,0.04192289224999994,0.04843971475,0.045641207250000065,0.046576649,train/episode_177_part3/images/ZED_LEFT/ZED_LEFT_20251121_152721_909233.jpg,train/episode_177_part3/images/road_img/ZED_LEFT_20251121_152721_909233.jpg,0.8,0.741642,0.759687,0.759446,0.825294
20251121_152721_909233,30.178125,-0.023449999999999794,-0.07885000000000002,1.6350000000000016,11.050000000000004,28.828125,28.715625,28.884375,28.771875,0.04473963949999998,0.0484622975,0.042865282500000025,0.046598363,train/episode_177_part3/images/ZED_LEFT/ZED_LEFT_20251121_152721_909233.jpg,train/episode_177_part3/images/road_img/ZED_LEFT_20251121_152721_909233.jpg,0.8,0.741642,0.755043,0.755559,0.824541
20251121_152721_909233,30.1640625,-0.046874999999999695,-0.07637500000000003,1.4475000000000025,10.625000000000005,28.7296875,28.7015625,28.9546875,28.7578125,0.047556386749999964,0.04848488025,0.04008935775000004,0.046620077,train/episode_177_part3/images/ZED_LEFT/ZED_LEFT_20251121_152721_909233.jpg,train/episode_177_part3/images/road_img/ZED_LEFT_20251121_152721_909233.jpg,0.8,0.741642,0.747920,0.752103,0.822976
20251121_152721_909233,30.15,-0.07029999999999959,-0.07390000000000004,1.2600000000000033,10.200000000000006,28.63125,28.6875,29.025,28.74375,0.05037313399999995,0.048507463,0.03731343300000005,0.046641791,train/episode_177_part3/images/ZED_LEFT/ZED_LEFT_20251121_152721_909233.jpg,train/episode_177_part3/images/road_img/ZED_LEFT_20251121_152721_909233.jpg,0.8,0.741642,0.740569,0.748835,0.820404
20251121_152722_159233,29.9953125,-0.037475000000000584,-0.06862500000000009,1.359999999999998,10.324999999999998,28.673437500000002,28.715625,29.025,28.856249999999996,0.043970326750000115,0.042571073500000105,0.03227078900000009,0.03783848600000016,train/episode_177_part3/images/ZED_LEFT/ZED_LEFT_20251121_152722_159233.jpg,train/episode_177_part3/images/road_img/ZED_LEFT_20251121_152722_159233.jpg,0.8,0.722653,0.740848,0.743228,0.818765
20251121_152722_159233,29.840625000000003,-0.004650000000000584,-0.06335000000000009,1.4599999999999982,10.449999999999998,28.715625,28.74375,29.025,28.968749999999996,0.03756751950000011,0.036634684000000105,0.027228145000000092,0.029035181000000156,train/episode_177_part3/images/ZED_LEFT/ZED_LEFT_20251121_152722_159233.jpg,train/episode_177_part3/images/road_img/ZED_LEFT_20251121_152722_159233.jpg,0.8,0.722653,0.752970,0.740806,0.822079
20251121_152722_159233,29.6859375,0.02817499999999999,-0.058075,1.56,10.575,28.7578125,28.771875,29.025,29.08125,0.03116471225,0.0306982945,0.022185501000000003,0.020231876,train/episode_177_part3/images/ZED_LEFT/ZED_LEFT_20251121_152722_159233.jpg,train/episode_177_part3/images/road_img/ZED_LEFT_20251121_152722_159233.jpg,0.8,0.722653,0.774280,0.741558,0.825373
20251121_152722_409233,29.53125,0.061,-0.0528,1.66,10.7,28.8,28.8,29.025,29.19375,0.024761905,0.024761905,0.017142857,0.011428571,train/episode_177_part3/images/ZED_LEFT/ZED_LEFT_20251121_152722_409233.jpg,train/episode_177_part3/images/road_img/ZED_LEFT_20251121_152722_409233.jpg,0.8,0.711598,0.779448,0.740293,0.829201
20251121_152722_409233,29.517187500000002,0.03632500000000011,-0.05704999999999998,1.2775000000000016,10.85,28.9546875,28.9265625,29.0671875,29.3484375,0.019048528000000026,0.020002726500000022,0.01524263900000001,0.005708832750000025,train/episode_177_part3/images/ZED_LEFT/ZED_LEFT_20251121_152722_409233.jpg,train/episode_177_part3/images/road_img/ZED_LEFT_20251121_152722_409233.jpg,0.8,0.711598,0.771264,0.738231,0.828612
20251121_152722_409233,29.503125,0.011650000000000216,-0.061299999999999966,0.8950000000000033,10.999999999999998,29.109375,29.053124999999998,29.109375,29.503125,0.01333515100000005,0.015243548000000042,0.013342421000000017,-1.090549999994972e-05,train/episode_177_part3/images/ZED_LEFT/ZED_LEFT_20251121_152722_409233.jpg,train/episode_177_part3/images/road_img/ZED_LEFT_20251121_152722_409233.jpg,0.8,0.711598,0.762183,0.735685,0.827206
20251121_152722_409233,29.489062500000003,-0.013024999999999676,-0.06554999999999994,0.5125000000000051,11.149999999999999,29.264062499999998,29.179687499999996,29.1515625,29.6578125,0.007621774000000078,0.010484369500000064,0.011442203000000026,-0.005730643749999922,train/episode_177_part3/images/ZED_LEFT/ZED_LEFT_20251121_152722_409233.jpg,train/episode_177_part3/images/road_img/ZED_LEFT_20251121_152722_409233.jpg,0.8,0.711598,0.765138,0.734093,0.826157
20251121_152722_659233,29.475,-0.0377,-0.0698,0.13,11.3,29.41875,29.30625,29.19375,29.8125,0.001908397,0.005725191,0.009541985,-0.011450382,train/episode_177_part3/images/ZED_LEFT/ZED_LEFT_20251121_152722_659233.jpg,train/episode_177_part3/images/road_img/ZED_LEFT_20251121_152722_659233.jpg,0.8,0.820500,0.768035,0.754598,0.801185
20251121_152722_659233,29.4046875,-0.015325000000000099,-0.06110000000000004,0.42249999999999865,11.45,29.4890625,29.446875,29.390625,29.8125,-0.0029039622499999777,-0.001486453499999969,0.0004127507500000394,-0.013886437749999989,train/episode_177_part3/images/ZED_LEFT/ZED_LEFT_20251121_152722_659233.jpg,train/episode_177_part3/images/road_img/ZED_LEFT_20251121_152722_659233.jpg,0.8,0.820500,0.760011,0.768317,0.798838
20251121_152722_659233,29.334375,0.0070499999999997995,-0.052400000000000085,0.7149999999999973,11.6,29.559375,29.5875,29.5875,29.8125,-0.0077163214999999554,-0.008698097999999939,-0.00871648349999992,-0.01632249349999998,train/episode_177_part3/images/ZED_LEFT/ZED_LEFT_20251121_152722_659233.jpg,train/episode_177_part3/images/road_img/ZED_LEFT_20251121_152722_659233.jpg,0.8,0.820500,0.761470,0.778221,0.796477
20251121_152722_659233,29.2640625,0.0294249999999997,-0.04370000000000012,1.007499999999996,11.749999999999998,29.6296875,29.728124999999995,29.784374999999997,29.8125,-0.012528680749999934,-0.015909742499999907,-0.01784571774999988,-0.018758549249999965,train/episode_177_part3/images/ZED_LEFT/ZED_LEFT_20251121_152722_659233.jpg,train/episode_177_part3/images/road_img/ZED_LEFT_20251121_152722_659233.jpg,0.8,0.820500,0.760497,0.785212,0.794014
20251121_152722_659233,29.19375,0.051799999999999596,-0.03500000000000016,1.2999999999999945,11.899999999999999,29.7,29.868749999999995,29.981249999999996,29.8125,-0.017341039999999912,-0.023121386999999875,-0.02697495199999984,-0.021194604999999957,train/episode_177_part3/images/ZED_LEFT/ZED_LEFT_20251121_152722_659233.jpg,train/episode_177_part3/images/road_img/ZED_LEFT_20251121_152722_659233.jpg,0.8,0.820500,0.741948,0.788788,0.791592
20251121_152722_909233,29.08125,0.019300000000000143,-0.03889999999999998,1.2875,12.0,29.7984375,29.953125,30.0515625,29.9390625,-0.024747462999999963,-0.03006119674999997,-0.03344060724999997,-0.02959458399999996,train/episode_177_part3/images/ZED_LEFT/ZED_LEFT_20251121_152722_909233.jpg,train/episode_177_part3/images/road_img/ZED_LEFT_20251121_152722_909233.jpg,0.8,0.809174,0.739302,0.788912,0.782476
20251121_152722_909233,28.96875,-0.013199999999999712,-0.04279999999999997,1.2750000000000001,12.1,29.896874999999998,30.037499999999998,30.121875,30.065625,-0.03215388599999993,-0.03700100649999994,-0.03990626249999994,-0.037994562999999926,train/episode_177_part3/images/ZED_LEFT/ZED_LEFT_20251121_152722_909233.jpg,train/episode_177_part3/images/road_img/ZED_LEFT_20251121_152722_909233.jpg,0.8,0.809174,0.749855,0.789979,0.783139
20251121_152722_909233,28.85625,-0.045699999999999574,-0.04669999999999995,1.2625000000000002,12.2,29.995312499999997,30.121875,30.1921875,30.1921875,-0.0395603089999999,-0.0439408162499999,-0.04637191774999991,-0.046394541999999886,train/episode_177_part3/images/ZED_LEFT/ZED_LEFT_20251121_152722_909233.jpg,train/episode_177_part3/images/road_img/ZED_LEFT_20251121_152722_909233.jpg,0.8,0.809174,0.758150,0.791407,0.783490
20251121_152722_909233,28.743750000000002,-0.07819999999999942,-0.05059999999999993,1.2500000000000002,12.299999999999999,30.09375,30.20625,30.2625,30.318749999999998,-0.04696673199999986,-0.05088062599999987,-0.05283757299999989,-0.054794520999999846,train/episode_177_part3/images/ZED_LEFT/ZED_LEFT_20251121_152722_909233.jpg,train/episode_177_part3/images/road_img/ZED_LEFT_20251121_152722_909233.jpg,0.8,0.809174,0.750462,0.791817,0.782288
20251121_152723_159233,28.715625,-0.061825000000000366,-0.05132499999999998,1.157500000000002,12.325,30.178124999999998,30.3046875,30.374999999999996,30.403125,-0.050942141249999906,-0.0553510392499999,-0.05780106774999989,-0.05877761974999991,train/episode_177_part3/images/ZED_LEFT/ZED_LEFT_20251121_152723_159233.jpg,train/episode_177_part3/images/road_img/ZED_LEFT_20251121_152723_159233.jpg,0.8,0.822382,0.734182,0.794146,0.806926
20251121_152723_159233,28.6875,-0.04545000000000015,-0.05204999999999999,1.0650000000000008,12.35,30.2625,30.403125,30.487499999999997,30.4875,-0.05491755049999996,-0.059821452499999955,-0.06276456249999995,-0.06276071849999997,train/episode_177_part3/images/ZED_LEFT/ZED_LEFT_20251121_152723_159233.jpg,train/episode_177_part3/images/road_img/ZED_LEFT_20251121_152723_159233.jpg,0.8,0.822382,0.722618,0.795650,0.802683
20251121_152723_159233,28.659375,-0.02907500000000022,-0.05277499999999999,0.9725000000000013,12.375,30.346874999999997,30.5015625,30.599999999999998,30.571875,-0.058892959749999946,-0.06429186574999994,-0.06772805724999995,-0.06674381724999995,train/episode_177_part3/images/ZED_LEFT/ZED_LEFT_20251121_152723_159233.jpg,train/episode_177_part3/images/road_img/ZED_LEFT_20251121_152723_159233.jpg,0.8,0.822382,0.713777,0.797384,0.802979
20251121_152723_159233,28.63125,-0.012700000000000294,-0.053499999999999985,0.8800000000000017,12.4,30.43125,30.6,30.712499999999995,30.65625,-0.06286836899999992,-0.06876227899999991,-0.07269155199999992,-0.07072691599999993,train/episode_177_part3/images/ZED_LEFT/ZED_LEFT_20251121_152723_159233.jpg,train/episode_177_part3/images/road_img/ZED_LEFT_20251121_152723_159233.jpg,0.8,0.822382,0.717698,0.799227,0.806590
20251121_152723_409233,28.63125,-0.012949999999999995,-0.050225000000000054,0.8025000000000013,12.94999999999999,30.5015625,30.642187500000002,30.7828125,30.65625,-0.06532416474999996,-0.07023575649999997,-0.07514734774999997,-0.070726916,train/episode_177_part3/images/ZED_LEFT/ZED_LEFT_20251121_152723_409233.jpg,train/episode_177_part3/images/road_img/ZED_LEFT_20251121_152723_409233.jpg,0.8,0.862395,0.720396,0.813086,0.805568
20251121_152723_409233,28.63125,-0.013199999999999995,-0.046950000000000054,0.7250000000000013,13.49999999999999,30.571875,30.684375,30.853125,30.65625,-0.06777996049999996,-0.07170923399999997,-0.07760314349999996,-0.070726916,train/episode_177_part3/images/ZED_LEFT/ZED_LEFT_20251121_152723_409233.jpg,train/episode_177_part3/images/road_img/ZED_LEFT_20251121_152723_409233.jpg,0.8,0.862395,0.721371,0.823297,0.805704
20251121_152723_409233,28.63125,-0.013449999999999995,-0.043675000000000054,0.6475000000000013,14.04999999999999,30.6421875,30.7265625,30.9234375,30.65625,-0.07023575624999996,-0.07318271149999997,-0.08005893924999996,-0.070726916,train/episode_177_part3/images/ZED_LEFT/ZED_LEFT_20251121_152723_409233.jpg,train/episode_177_part3/images/road_img/ZED_LEFT_20251121_152723_409233.jpg,0.8,0.862395,0.722380,0.830902,0.805197
20251121_152723_659233,28.63125,-0.0137,-0.0404,0.57,14.6,30.7125,30.76875,30.99375,30.65625,-0.072691552,-0.074656189,-0.082514735,-0.070726916,train/episode_177_part3/images/ZED_LEFT/ZED_LEFT_20251121_152723_659233.jpg,train/episode_177_part3/images/road_img/ZED_LEFT_20251121_152723_659233.jpg,0.8,0.788689,0.725924,0.815488,0.769722
20251121_152723_659233,28.6875,-0.0007750000000000604,-0.023800000000000075,0.44250000000000056,14.250000000000002,30.825,30.853125,31.10625,30.881249999999998,-0.07449917075,-0.07548531924999999,-0.08430320525,-0.07643699974999997,train/episode_177_part3/images/ZED_LEFT/ZED_LEFT_20251121_152723_659233.jpg,train/episode_177_part3/images/road_img/ZED_LEFT_20251121_152723_659233.jpg,0.8,0.788689,0.726705,0.804580,0.768684
20251121_152723_659233,28.74375,0.01214999999999988,-0.007200000000000151,0.3150000000000011,13.900000000000002,30.9375,30.9375,31.21875,31.106249999999996,-0.07630678949999999,-0.07631444949999999,-0.08609167549999999,-0.08214708349999995,train/episode_177_part3/images/ZED_LEFT/ZED_LEFT_20251121_152723_659233.jpg,train/episode_177_part3/images/road_img/ZED_LEFT_20251121_152723_659233.jpg,0.8,0.788689,0.722120,0.796639,0.766428
20251121_152723_659233,28.8,0.025074999999999823,0.009399999999999777,0.18750000000000167,13.550000000000004,31.05,31.021874999999998,31.33125,31.331249999999997,-0.07811440824999999,-0.07714357974999998,-0.08788014574999999,-0.08785716724999992,train/episode_177_part3/images/ZED_LEFT/ZED_LEFT_20251121_152723_659233.jpg,train/episode_177_part3/images/road_img/ZED_LEFT_20251121_152723_659233.jpg,0.8,0.788689,0.708083,0.790515,0.761428
20251121_152723_659233,28.85625,0.037999999999999756,0.025999999999999697,0.060000000000002274,13.200000000000006,31.162499999999998,31.10625,31.443749999999998,31.556249999999995,-0.07992202699999998,-0.07797270999999999,-0.08966861599999998,-0.0935672509999999,train/episode_177_part3/images/ZED_LEFT/ZED_LEFT_20251121_152723_659233.jpg,train/episode_177_part3/images/road_img/ZED_LEFT_20251121_152723_659233.jpg,0.8,0.788689,0.680945,0.785792,0.753014
20251121_152723_909233,28.996875,0.020425000000000075,0.03297499999999997,0.279999999999999,13.325,31.1625,31.162499999999998,31.5,31.5421875,-0.07475987600000003,-0.07473192250000002,-0.08637192100000002,-0.08786186275000003,train/episode_177_part3/images/ZED_LEFT/ZED_LEFT_20251121_152723_909233.jpg,train/episode_177_part3/images/road_img/ZED_LEFT_20251121_152723_909233.jpg,0.8,0.827828,0.663033,0.794645,0.801947
20251121_152723_909233,29.1375,0.002850000000000151,0.03994999999999994,0.499999999999998,13.449999999999998,31.1625,31.21875,31.55625,31.528125,-0.06959772500000005,-0.07149113500000003,-0.08307522600000003,-0.08215647450000005,train/episode_177_part3/images/ZED_LEFT/ZED_LEFT_20251121_152723_909233.jpg,train/episode_177_part3/images/road_img/ZED_LEFT_20251121_152723_909233.jpg,0.8,0.827828,0.650436,0.801218,0.801247
20251121_152723_909233,29.278124999999996,-0.014724999999999766,0.04692499999999991,0.7199999999999971,13.574999999999998,31.1625,31.275,31.6125,31.5140625,-0.06443557400000006,-0.06825034750000004,-0.07977853100000004,-0.07645108625000008,train/episode_177_part3/images/ZED_LEFT/ZED_LEFT_20251121_152723_909233.jpg,train/episode_177_part3/images/road_img/ZED_LEFT_20251121_152723_909233.jpg,0.8,0.827828,0.643629,0.806157,0.802210
20251121_152723_909233,29.418749999999996,-0.0322999999999997,0.05389999999999988,0.939999999999996,13.699999999999998,31.1625,31.33125,31.66875,31.5,-0.05927342300000009,-0.06500956000000005,-0.07648183600000005,-0.07074569800000009,train/episode_177_part3/images/ZED_LEFT/ZED_LEFT_20251121_152723_909233.jpg,train/episode_177_part3/images/road_img/ZED_LEFT_20251121_152723_909233.jpg,0.8,0.827828,0.644166,0.809919,0.804757
20251121_152724_159233,29.503124999999997,-0.03722499999999991,0.05642499999999996,0.9474999999999998,13.749999999999998,31.2609375,31.4296875,31.7390625,31.584374999999998,-0.059577940499999996,-0.06529781274999999,-0.07579237900000001,-0.07054509575000001,train/episode_177_part3/images/ZED_LEFT/ZED_LEFT_20251121_152724_159233.jpg,train/episode_177_part3/images/road_img/ZED_LEFT_20251121_152724_159233.jpg,0.8,0.790369,0.645226,0.801589,0.804802
20251121_152724_159233,29.5875,-0.04215,0.05895,0.955,13.8,31.359375,31.528125000000003,31.809375,31.66875,-0.059882458,-0.0655860655,-0.07510292199999999,-0.07034449350000001,train/episode_177_part3/images/ZED_LEFT/ZED_LEFT_20251121_152724_159233.jpg,train/episode_177_part3/images/road_img/ZED_LEFT_20251121_152724_159233.jpg,0.8,0.790369,0.649420,0.796004,0.804845
20251121_152724_159233,29.671875,-0.04707499999999991,0.06147499999999996,0.9624999999999998,13.85,31.457812499999996,31.6265625,31.8796875,31.753124999999997,-0.060186975499999996,-0.06587431825,-0.07441346500000001,-0.07014389125,train/episode_177_part3/images/ZED_LEFT/ZED_LEFT_20251121_152724_159233.jpg,train/episode_177_part3/images/road_img/ZED_LEFT_20251121_152724_159233.jpg,0.8,0.790369,0.655251,0.792317,0.804201
20251121_152724_409233,29.75625,-0.052,0.064,0.97,13.9,31.55625,31.725,31.95,31.8375,-0.060491493,-0.066162571,-0.073724008,-0.069943289,train/episode_177_part3/images/ZED_LEFT/ZED_LEFT_20251121_152724_409233.jpg,train/episode_177_part3/images/road_img/ZED_LEFT_20251121_152724_409233.jpg,0.8,0.819020,0.658664,0.798530,0.797833
20251121_152724_409233,29.840625000000003,-0.05920000000000006,0.05122499999999989,0.854999999999999,14.375000000000005,31.5984375,31.767187500000002,31.95,31.89375,-0.05892002149999999,-0.06457519924999999,-0.07071356674999997,-0.068812607,train/episode_177_part3/images/ZED_LEFT/ZED_LEFT_20251121_152724_409233.jpg,train/episode_177_part3/images/road_img/ZED_LEFT_20251121_152724_409233.jpg,0.8,0.819020,0.665456,0.803060,0.797649
20251121_152724_409233,29.925,-0.06639999999999988,0.038450000000000234,0.740000000000002,14.849999999999993,31.640625,31.809375,31.95,31.95,-0.057348550000000026,-0.06298782750000004,-0.06770312550000004,-0.06768192500000002,train/episode_177_part3/images/ZED_LEFT/ZED_LEFT_20251121_152724_409233.jpg,train/episode_177_part3/images/road_img/ZED_LEFT_20251121_152724_409233.jpg,0.8,0.819020,0.673773,0.806392,0.797318
20251121_152724_409233,30.009375,-0.07359999999999994,0.02567500000000012,0.6250000000000011,15.324999999999996,31.6828125,31.8515625,31.95,32.00625,-0.055777078500000014,-0.06140045575000001,-0.06469268425000002,-0.06655124300000001,train/episode_177_part3/images/ZED_LEFT/ZED_LEFT_20251121_152724_409233.jpg,train/episode_177_part3/images/road_img/ZED_LEFT_20251121_152724_409233.jpg,0.8,0.819020,0.684148,0.808870,0.796528
20251121_152724_409233,30.093749999999996,-0.08079999999999975,0.01290000000000046,0.5100000000000041,15.799999999999985,31.725,31.89375,31.95,32.0625,-0.05420560700000006,-0.05981308400000006,-0.0616822430000001,-0.06542056100000004,train/episode_177_part3/images/ZED_LEFT/ZED_LEFT_20251121_152724_409233.jpg,train/episode_177_part3/images/road_img/ZED_LEFT_20251121_152724_409233.jpg,0.8,0.819020,0.694575,0.810736,0.794403
20251121_152724_659233,30.206249999999997,-0.05672500000000043,0.017724999999999914,0.5824999999999987,15.949999999999998,31.767187500000002,31.9359375,31.978125,32.1046875,-0.051703929000000044,-0.05729075225000005,-0.05869262150000005,-0.06287757550000005,train/episode_177_part3/images/ZED_LEFT/ZED_LEFT_20251121_152724_659233.jpg,train/episode_177_part3/images/road_img/ZED_LEFT_20251121_152724_659233.jpg,0.8,0.772582,0.703900,0.798174,0.806826
20251121_152724_659233,30.31875,-0.03265,0.02255,0.655,16.1,31.809375000000003,31.978125,32.00625,32.146875,-0.049202251,-0.0547684205,-0.055703,-0.06033459,train/episode_177_part3/images/ZED_LEFT/ZED_LEFT_20251121_152724_659233.jpg,train/episode_177_part3/images/road_img/ZED_LEFT_20251121_152724_659233.jpg,0.8,0.772582,0.712974,0.789191,0.808703
20251121_152724_659233,30.43125,-0.00857500000000043,0.027374999999999913,0.7274999999999987,16.249999999999996,31.8515625,32.0203125,32.034375,32.1890625,-0.046700573000000044,-0.052246088750000044,-0.052713378500000053,-0.057791604500000045,train/episode_177_part3/images/ZED_LEFT/ZED_LEFT_20251121_152724_659233.jpg,train/episode_177_part3/images/road_img/ZED_LEFT_20251121_152724_659233.jpg,0.8,0.772582,0.720319,0.782729,0.811680
20251121_152724_909233,30.54375,0.0155,0.0322,0.8,16.4,31.89375,32.0625,32.0625,32.23125,-0.044198895,-0.049723757,-0.049723757,-0.055248619,train/episode_177_part3/images/ZED_LEFT/ZED_LEFT_20251121_152724_909233.jpg,train/episode_177_part3/images/road_img/ZED_LEFT_20251121_152724_909233.jpg,0.8,0.758843,0.717288,0.774068,0.831825
20251121_152724_909233,30.515625,0.013775000000000046,0.04517499999999965,1.0024999999999946,16.524999999999995,31.935937499999998,32.11875,32.0765625,32.245312500000004,-0.04655028024999994,-0.05254235574999992,-0.05115603399999996,-0.05668600224999996,train/episode_177_part3/images/ZED_LEFT/ZED_LEFT_20251121_152724_909233.jpg,train/episode_177_part3/images/road_img/ZED_LEFT_20251121_152724_909233.jpg,0.8,0.758843,0.696920,0.767070,0.828907
20251121_152724_909233,30.4875,0.012050000000000031,0.058149999999999764,1.2049999999999965,16.649999999999995,31.978125,32.175,32.090624999999996,32.259375,-0.048901665499999955,-0.05536095449999995,-0.05258831099999997,-0.05812338549999997,train/episode_177_part3/images/ZED_LEFT/ZED_LEFT_20251121_152724_909233.jpg,train/episode_177_part3/images/road_img/ZED_LEFT_20251121_152724_909233.jpg,0.8,0.758843,0.658433,0.761070,0.825555
20251121_152724_909233,30.459374999999998,0.010325000000000015,0.07112499999999988,1.4074999999999984,16.775,32.0203125,32.23125,32.1046875,32.2734375,-0.05125305074999998,-0.058179553249999974,-0.05402058799999999,-0.059560768749999986,train/episode_177_part3/images/ZED_LEFT/ZED_LEFT_20251121_152724_909233.jpg,train/episode_177_part3/images/road_img/ZED_LEFT_20251121_152724_909233.jpg,0.8,0.758843,0.625334,0.757223,0.823730
20251121_152724_909233,30.43125,0.008600000000000062,0.08409999999999954,1.6099999999999928,16.899999999999995,32.0625,32.2875,32.11875,32.2875,-0.053604435999999915,-0.0609981519999999,-0.05545286499999995,-0.06099815199999995,train/episode_177_part3/images/ZED_LEFT/ZED_LEFT_20251121_152724_909233.jpg,train/episode_177_part3/images/road_img/ZED_LEFT_20251121_152724_909233.jpg,0.8,0.758843,0.604022,0.754848,0.824633
20251121_152725_159233,30.585937499999996,-0.011649999999999643,0.09419999999999981,1.327500000000005,17.199999999999996,31.9921875,32.203125,32.0625,32.189062500000006,-0.046091008250000134,-0.052994990750000144,-0.04838312700000012,-0.05254209225000015,train/episode_177_part3/images/ZED_LEFT/ZED_LEFT_20251121_152725_159233.jpg,train/episode_177_part3/images/road_img/ZED_LEFT_20251121_152725_159233.jpg,0.8,0.769323,0.595197,0.756616,0.815085
20251121_152725_159233,30.740624999999994,-0.03189999999999929,0.10429999999999964,1.0450000000000101,17.49999999999999,31.921875000000004,32.118750000000006,32.00625,32.090625,-0.038577580500000264,-0.04499182950000029,-0.04131338900000025,-0.0440860325000003,train/episode_177_part3/images/ZED_LEFT/ZED_LEFT_20251121_152725_159233.jpg,train/episode_177_part3/images/road_img/ZED_LEFT_20251121_152725_159233.jpg,0.8,0.769323,0.637480,0.758111,0.820615
20251121_152725_159233,30.895312499999996,-0.05214999999999964,0.11439999999999982,0.7625000000000051,17.799999999999997,31.8515625,32.034375000000004,31.950000000000003,31.992187500000004,-0.031064152750000133,-0.03698866825000015,-0.034243651000000125,-0.035629972750000155,train/episode_177_part3/images/ZED_LEFT/ZED_LEFT_20251121_152725_159233.jpg,train/episode_177_part3/images/road_img/ZED_LEFT_20251121_152725_159233.jpg,0.8,0.769323,0.726251,0.760135,0.829741
20251121_152725_409233,31.05,-0.0724,0.1245,0.48,18.1,31.78125,31.95,31.89375,31.89375,-0.023550725,-0.028985507,-0.027173913,-0.027173913,train/episode_177_part3/images/ZED_LEFT/ZED_LEFT_20251121_152725_409233.jpg,train/episode_177_part3/images/road_img/ZED_LEFT_20251121_152725_409233.jpg,0.8,0.717674,0.749012,0.748661,0.829737
20251121_152725_409233,31.1203125,-0.053325000000000344,0.1133250000000002,0.5424999999999989,17.975000000000005,31.696875000000002,31.8796875,31.809375000000003,31.8515625,-0.01856070975000009,-0.02443212850000008,-0.02217576700000009,-0.023522266000000066,train/episode_177_part3/images/ZED_LEFT/ZED_LEFT_20251121_152725_409233.jpg,train/episode_177_part3/images/road_img/ZED_LEFT_20251121_152725_409233.jpg,0.8,0.717674,0.742752,0.740614,0.827257
20251121_152725_409233,31.190625,-0.03425,0.10214999999999999,0.605,17.85,31.6125,31.809375,31.725,31.809375000000003,-0.013570694500000001,-0.01987875,-0.017177621,-0.019870619000000003,train/episode_177_part3/images/ZED_LEFT/ZED_LEFT_20251121_152725_409233.jpg,train/episode_177_part3/images/road_img/ZED_LEFT_20251121_152725_409233.jpg,0.8,0.717674,0.736532,0.734853,0.825716
20251121_152725_409233,31.2609375,-0.015175000000000341,0.0909750000000002,0.6674999999999989,17.725000000000005,31.528125000000003,31.7390625,31.640625,31.767187500000002,-0.008580679250000089,-0.015325371500000082,-0.012179475000000089,-0.016218972000000068,train/episode_177_part3/images/ZED_LEFT/ZED_LEFT_20251121_152725_409233.jpg,train/episode_177_part3/images/road_img/ZED_LEFT_20251121_152725_409233.jpg,0.8,0.717674,0.730921,0.730614,0.825046
20251121_152725_659233,31.33125,0.0039,0.0798,0.73,17.6,31.44375,31.66875,31.55625,31.725,-0.003590664,-0.010771993,-0.007181329,-0.012567325,train/episode_177_part3/images/ZED_LEFT/ZED_LEFT_20251121_152725_659233.jpg,train/episode_177_part3/images/road_img/ZED_LEFT_20251121_152725_659233.jpg,0.8,0.731825,0.717261,0.729848,0.836568
20251121_152725_659233,31.359375,-0.002725000000000059,0.06192499999999984,0.957500000000002,17.4,31.2609375,31.499999999999996,31.3875,31.528125,0.00312095550000006,-0.004501177249999945,-0.0009137247499999444,-0.0054004489999999366,train/episode_177_part3/images/ZED_LEFT/ZED_LEFT_20251121_152725_659233.jpg,train/episode_177_part3/images/road_img/ZED_LEFT_20251121_152725_659233.jpg,0.8,0.731825,0.667335,0.725527,0.833334
20251121_152725_659233,31.3875,-0.009349999999999883,0.04405000000000032,1.1849999999999958,17.200000000000003,31.078125000000004,31.33125,31.218750000000004,31.331250000000004,0.00983257499999988,0.0017696384999998892,0.005353879499999889,0.0017664269999998726,train/episode_177_part3/images/ZED_LEFT/ZED_LEFT_20251121_152725_659233.jpg,train/episode_177_part3/images/road_img/ZED_LEFT_20251121_152725_659233.jpg,0.8,0.731825,0.558899,0.720558,0.825673
20251121_152725_659233,31.415625000000002,-0.01597499999999994,0.026175000000000163,1.4124999999999979,17.000000000000004,30.8953125,31.1625,31.05,31.134375000000002,0.01654419449999994,0.008040454249999943,0.011621483749999946,0.008933302999999938,train/episode_177_part3/images/ZED_LEFT/ZED_LEFT_20251121_152725_659233.jpg,train/episode_177_part3/images/road_img/ZED_LEFT_20251121_152725_659233.jpg,0.8,0.731825,0.491419,0.717766,0.826982
20251121_152725_659233,31.44375,-0.022599999999999763,0.00830000000000064,1.6399999999999917,16.800000000000008,30.712500000000006,30.993750000000006,30.88125000000001,30.937500000000007,0.02325581399999976,0.014311269999999779,0.01788908799999978,0.016100178999999746,train/episode_177_part3/images/ZED_LEFT/ZED_LEFT_20251121_152725_659233.jpg,train/episode_177_part3/images/road_img/ZED_LEFT_20251121_152725_659233.jpg,0.8,0.731825,0.531801,0.716428,0.841017
20251121_152725_909233,31.5,-0.022425,0.014149999999999895,1.5700000000000012,16.17500000000001,30.5578125,30.796875000000004,30.712500000000006,30.768750000000004,0.02987525299999988,0.022278745499999857,0.024962108999999875,0.023176377499999873,train/episode_177_part3/images/ZED_LEFT/ZED_LEFT_20251121_152725_909233.jpg,train/episode_177_part3/images/road_img/ZED_LEFT_20251121_152725_909233.jpg,0.8,0.762759,0.636799,0.725328,0.844664
20251121_152725_909233,31.55625,-0.02225,0.019999999999999997,1.5,15.55,30.403125,30.6,30.543750000000003,30.6,0.036494691999999995,0.030246220999999997,0.03203513,0.030252575999999996,train/episode_177_part3/images/ZED_LEFT/ZED_LEFT_20251121_152725_909233.jpg,train/episode_177_part3/images/road_img/ZED_LEFT_20251121_152725_909233.jpg,0.8,0.762759,0.742160,0.735336,0.849365
20251121_152725_909233,31.612499999999997,-0.022075,0.025849999999999894,1.4300000000000013,14.925000000000011,30.2484375,30.403125000000003,30.375000000000004,30.431250000000002,0.043114130999999875,0.03821369649999986,0.039108150999999876,0.03732877449999987,train/episode_177_part3/images/ZED_LEFT/ZED_LEFT_20251121_152725_909233.jpg,train/episode_177_part3/images/road_img/ZED_LEFT_20251121_152725_909233.jpg,0.8,0.762759,0.783569,0.744970,0.848979
20251121_152726_159233,31.66875,-0.0219,0.0317,1.36,14.3,30.09375,30.20625,30.20625,30.2625,0.04973357,0.046181172,0.046181172,0.044404973,train/episode_177_part3/images/ZED_LEFT/ZED_LEFT_20251121_152726_159233.jpg,train/episode_177_part3/images/road_img/ZED_LEFT_20251121_152726_159233.jpg,0.8,0.698811,0.787590,0.736704,0.804669
20251121_152726_159233,31.724999999999998,-0.021999999999999995,0.030650000000000028,1.4924999999999966,14.275,29.981250000000003,30.135937500000004,30.121875000000003,30.1640625,0.05493686174999986,0.050067977749999895,0.05050889474999989,0.049176745499999876,train/episode_177_part3/images/ZED_LEFT/ZED_LEFT_20251121_152726_159233.jpg,train/episode_177_part3/images/road_img/ZED_LEFT_20251121_152726_159233.jpg,0.8,0.698811,0.788263,0.730568,0.803748
20251121_152726_159233,31.78125,-0.022099999999999998,0.02960000000000002,1.6249999999999976,14.25,29.868750000000002,30.065625,30.0375,30.065625,0.060140153499999904,0.05395478349999993,0.05483661749999992,0.05394851799999992,train/episode_177_part3/images/ZED_LEFT/ZED_LEFT_20251121_152726_159233.jpg,train/episode_177_part3/images/road_img/ZED_LEFT_20251121_152726_159233.jpg,0.8,0.698811,0.789213,0.725955,0.802936
20251121_152726_159233,31.8375,-0.022199999999999998,0.02855000000000001,1.7574999999999987,14.225,29.75625,29.9953125,29.953125,29.9671875,0.06534344524999995,0.057841589249999964,0.05916434024999996,0.05872029049999996,train/episode_177_part3/images/ZED_LEFT/ZED_LEFT_20251121_152726_159233.jpg,train/episode_177_part3/images/road_img/ZED_LEFT_20251121_152726_159233.jpg,0.8,0.698811,0.791577,0.722471,0.802405
20251121_152726_159233,31.893749999999997,-0.022299999999999997,0.02750000000000004,1.8899999999999952,14.2,29.643750000000004,29.925000000000004,29.868750000000002,29.868750000000002,0.07054673699999982,0.06172839499999986,0.06349206299999985,0.06349206299999983,train/episode_177_part3/images/ZED_LEFT/ZED_LEFT_20251121_152726_159233.jpg,train/episode_177_part3/images/road_img/ZED_LEFT_20251121_152726_159233.jpg,0.8,0.698811,0.795247,0.719794,0.802158
20251121_152726_409233,31.9359375,-0.02110000000000002,0.023700000000000068,1.8700000000000003,13.125000000000018,29.587500000000002,29.812500000000004,29.8125,29.8125,0.07352408774999994,0.06647173474999991,0.06647869624999994,0.06647869624999994,train/episode_177_part3/images/ZED_LEFT/ZED_LEFT_20251121_152726_409233.jpg,train/episode_177_part3/images/road_img/ZED_LEFT_20251121_152726_409233.jpg,0.8,0.822866,0.799140,0.749411,0.829033
20251121_152726_409233,31.978125,-0.019900000000000043,0.019900000000000133,1.8500000000000008,12.050000000000038,29.531250000000004,29.700000000000006,29.75625,29.75625,0.0765014384999999,0.07121507449999984,0.0694653294999999,0.0694653294999999,train/episode_177_part3/images/ZED_LEFT/ZED_LEFT_20251121_152726_409233.jpg,train/episode_177_part3/images/road_img/ZED_LEFT_20251121_152726_409233.jpg,0.8,0.822866,0.802981,0.770177,0.828503
20251121_152726_409233,32.0203125,-0.018700000000000022,0.016100000000000066,1.8300000000000003,10.97500000000002,29.475,29.587500000000002,29.700000000000003,29.700000000000003,0.07947878924999995,0.07595841424999991,0.07245196274999995,0.07245196274999995,train/episode_177_part3/images/ZED_LEFT/ZED_LEFT_20251121_152726_409233.jpg,train/episode_177_part3/images/road_img/ZED_LEFT_20251121_152726_409233.jpg,0.8,0.822866,0.806379,0.784787,0.828023
20251121_152726_659233,32.0625,-0.0175,0.0123,1.81,9.9,29.41875,29.475,29.64375,29.64375,0.08245614,0.080701754,0.075438596,0.075438596,train/episode_177_part3/images/ZED_LEFT/ZED_LEFT_20251121_152726_659233.jpg,train/episode_177_part3/images/road_img/ZED_LEFT_20251121_152726_659233.jpg,0.8,0.787298,0.809300,0.787286,0.803176
20251121_152726_659233,32.090624999999996,-0.018224999999999988,0.010200000000000037,1.8274999999999997,9.375000000000009,29.4609375,29.53125,29.6859375,29.6578125,0.081947,0.07975708475000001,0.07493559025,0.07580971624999999,train/episode_177_part3/images/ZED_LEFT/ZED_LEFT_20251121_152726_659233.jpg,train/episode_177_part3/images/road_img/ZED_LEFT_20251121_152726_659233.jpg,0.8,0.787298,0.810318,0.789253,0.802630
20251121_152726_659233,32.11875,-0.01895,0.0081,1.845,8.85,29.503124999999997,29.5875,29.728125,29.671875,0.08143786,0.07881241550000001,0.0744325845,0.0761808365,train/episode_177_part3/images/ZED_LEFT/ZED_LEFT_20251121_152726_659233.jpg,train/episode_177_part3/images/road_img/ZED_LEFT_20251121_152726_659233.jpg,0.8,0.787298,0.810365,0.790756,0.802206
20251121_152726_659233,32.146874999999994,-0.019674999999999988,0.0060000000000000366,1.8624999999999996,8.32500000000001,29.545312499999998,29.643749999999997,29.7703125,29.685937499999998,0.08092872000000001,0.07786774625000002,0.07392957875,0.07655195675,train/episode_177_part3/images/ZED_LEFT/ZED_LEFT_20251121_152726_659233.jpg,train/episode_177_part3/images/road_img/ZED_LEFT_20251121_152726_659233.jpg,0.8,0.787298,0.810097,0.791894,0.801903
20251121_152726_909233,32.175,-0.0204,0.0039,1.88,7.8,29.5875,29.7,29.8125,29.7,0.08041958,0.076923077,0.073426573,0.076923077,train/episode_177_part3/images/ZED_LEFT/ZED_LEFT_20251121_152726_909233.jpg,train/episode_177_part3/images/road_img/ZED_LEFT_20251121_152726_909233.jpg,0.8,0.738236,0.810022,0.782326,0.794681
20251121_152726_909233,32.1046875,-0.030875000000000097,-0.014650000000000166,2.012500000000001,7.249999999999995,29.6015625,29.685937499999998,29.8125,29.728125,0.07795136924999999,0.07532899199999998,0.07138386274999997,0.07400624074999998,train/episode_177_part3/images/ZED_LEFT/ZED_LEFT_20251121_152726_909233.jpg,train/episode_177_part3/images/road_img/ZED_LEFT_20251121_152726_909233.jpg,0.8,0.738236,0.809293,0.775286,0.794196
20251121_152726_909233,32.034375,-0.04134999999999982,-0.033199999999999674,2.144999999999998,6.70000000000001,29.615624999999998,29.671875,29.8125,29.756249999999998,0.07548315850000005,0.07373490700000003,0.06934115250000003,0.07108940450000005,train/episode_177_part3/images/ZED_LEFT/ZED_LEFT_20251121_152726_909233.jpg,train/episode_177_part3/images/road_img/ZED_LEFT_20251121_152726_909233.jpg,0.8,0.738236,0.806723,0.769927,0.793230
20251121_152726_909233,31.9640625,-0.051824999999999906,-0.05174999999999984,2.277499999999999,6.150000000000004,29.6296875,29.657812500000002,29.8125,29.784375,0.07301494775000002,0.07214082200000002,0.06729844225,0.06817256825000002,train/episode_177_part3/images/ZED_LEFT/ZED_LEFT_20251121_152726_909233.jpg,train/episode_177_part3/images/road_img/ZED_LEFT_20251121_152726_909233.jpg,0.8,0.738236,0.801715,0.765638,0.791779
20251121_152726_909233,31.893750000000004,-0.062299999999999627,-0.07029999999999935,2.4099999999999953,5.600000000000019,29.64375,29.64375,29.8125,29.8125,0.07054673700000008,0.07054673700000005,0.06525573200000007,0.0652557320000001,train/episode_177_part3/images/ZED_LEFT/ZED_LEFT_20251121_152726_909233.jpg,train/episode_177_part3/images/road_img/ZED_LEFT_20251121_152726_909233.jpg,0.8,0.738236,0.791077,0.761776,0.789752
20251121_152727_159233,31.753125000000004,-0.04905000000000023,-0.07369999999999995,2.3875000000000006,5.075000000000009,29.7,29.6578125,29.86875,29.826562499999998,0.0645797117500001,0.06592621075000007,0.0592649587500001,0.06061145800000008,train/episode_177_part3/images/ZED_LEFT/ZED_LEFT_20251121_152727_159233.jpg,train/episode_177_part3/images/road_img/ZED_LEFT_20251121_152727_159233.jpg,0.8,0.808130,0.787423,0.773849,0.828228
20251121_152727_159233,31.6125,-0.0358,-0.0771,2.365,4.55,29.75625,29.671875,29.925,29.840625,0.0586126865,0.0613056845,0.0532741855,0.055967184,train/episode_177_part3/images/ZED_LEFT/ZED_LEFT_20251121_152727_159233.jpg,train/episode_177_part3/images/road_img/ZED_LEFT_20251121_152727_159233.jpg,0.8,0.808130,0.782104,0.781714,0.828838
20251121_152727_159233,31.471875000000004,-0.022550000000000237,-0.08049999999999995,2.3425000000000002,4.025000000000009,29.812499999999996,29.685937499999998,29.98125,29.854687499999997,0.05264566125000011,0.05668515825000008,0.0472834122500001,0.05132291000000008,train/episode_177_part3/images/ZED_LEFT/ZED_LEFT_20251121_152727_159233.jpg,train/episode_177_part3/images/road_img/ZED_LEFT_20251121_152727_159233.jpg,0.8,0.808130,0.780472,0.786964,0.830075
20251121_152727_409233,31.33125,-0.0093,-0.0839,2.32,3.5,29.86875,29.7,30.0375,29.86875,0.046678636,0.052064632,0.041292639,0.046678636,train/episode_177_part3/images/ZED_LEFT/ZED_LEFT_20251121_152727_409233.jpg,train/episode_177_part3/images/road_img/ZED_LEFT_20251121_152727_409233.jpg,0.8,0.743640,0.778758,0.777433,0.802252
20251121_152727_409233,31.218750000000004,-0.021824999999999664,-0.07825000000000015,2.2100000000000026,3.450000000000001,29.924999999999997,29.7984375,30.121875,29.953124999999996,0.041384204750000146,0.04542370175000018,0.03506784000000016,0.040473457750000164,train/episode_177_part3/images/ZED_LEFT/ZED_LEFT_20251121_152727_409233.jpg,train/episode_177_part3/images/road_img/ZED_LEFT_20251121_152727_409233.jpg,0.8,0.743640,0.779122,0.770859,0.803612
20251121_152727_409233,31.106250000000003,-0.03434999999999978,-0.07260000000000011,2.100000000000002,3.400000000000001,29.98125,29.896874999999998,30.20625,30.037499999999998,0.036089773500000095,0.03878277150000012,0.02884304100000011,0.03426827950000011,train/episode_177_part3/images/ZED_LEFT/ZED_LEFT_20251121_152727_409233.jpg,train/episode_177_part3/images/road_img/ZED_LEFT_20251121_152727_409233.jpg,0.8,0.743640,0.782438,0.766628,0.804981
20251121_152727_409233,30.993750000000006,-0.046874999999999445,-0.06695000000000026,1.9900000000000047,3.3500000000000023,30.037499999999998,29.995312499999997,30.290624999999995,30.121874999999996,0.030795342250000236,0.032141841250000296,0.022618242000000278,0.028063101250000277,train/episode_177_part3/images/ZED_LEFT/ZED_LEFT_20251121_152727_409233.jpg,train/episode_177_part3/images/road_img/ZED_LEFT_20251121_152727_409233.jpg,0.8,0.743640,0.788354,0.764258,0.806030
20251121_152727_409233,30.881250000000005,-0.05939999999999955,-0.0613000000000002,1.880000000000004,3.3000000000000016,30.093749999999996,30.093749999999996,30.374999999999996,30.206249999999997,0.02550091100000019,0.025500911000000237,0.016393443000000223,0.02185792300000022,train/episode_177_part3/images/ZED_LEFT/ZED_LEFT_20251121_152727_409233.jpg,train/episode_177_part3/images/road_img/ZED_LEFT_20251121_152727_409233.jpg,0.8,0.743640,0.792067,0.762934,0.805907
20251121_152727_659233,30.712500000000006,-0.04432500000000027,-0.05925000000000004,1.7275000000000027,3.3,30.1359375,30.1359375,30.403125,30.2625,0.018660134000000123,0.018660134000000123,0.009967335500000115,0.01453124475000013,train/episode_177_part3/images/ZED_LEFT/ZED_LEFT_20251121_152727_659233.jpg,train/episode_177_part3/images/road_img/ZED_LEFT_20251121_152727_659233.jpg,0.8,0.735253,0.790801,0.760093,0.817872
20251121_152727_659233,30.543750000000006,-0.02925000000000054,-0.05720000000000007,1.5750000000000055,3.3,30.178124999999998,30.178124999999998,30.43125,30.318749999999998,0.011819357000000244,0.011819357000000244,0.0035412280000002294,0.007204566500000261,train/episode_177_part3/images/ZED_LEFT/ZED_LEFT_20251121_152727_659233.jpg,train/episode_177_part3/images/road_img/ZED_LEFT_20251121_152727_659233.jpg,0.8,0.735253,0.787910,0.757751,0.817559
20251121_152727_659233,30.375000000000004,-0.01417500000000027,-0.05515000000000004,1.4225000000000028,3.3,30.2203125,30.2203125,30.459375,30.374999999999996,0.004978580000000121,0.004978580000000121,-0.002884879499999885,-0.0001221117499998689,train/episode_177_part3/images/ZED_LEFT/ZED_LEFT_20251121_152727_659233.jpg,train/episode_177_part3/images/road_img/ZED_LEFT_20251121_152727_659233.jpg,0.8,0.735253,0.785620,0.755850,0.818196
20251121_152727_659233,30.206250000000008,0.0008999999999994568,-0.05310000000000008,1.2700000000000053,3.3,30.2625,30.2625,30.4875,30.431249999999995,-0.0018621969999997566,-0.0018621969999997566,-0.009310986999999767,-0.00744878999999974,train/episode_177_part3/images/ZED_LEFT/ZED_LEFT_20251121_152727_659233.jpg,train/episode_177_part3/images/road_img/ZED_LEFT_20251121_152727_659233.jpg,0.8,0.735253,0.785812,0.754501,0.819190
20251121_152727_909233,30.079687500000002,-0.0047749999999999,-0.05364999999999999,1.2600000000000002,3.3,30.389062499999998,30.3609375,30.6140625,30.515624999999996,-0.010392859749999848,-0.009445890249999865,-0.01787339174999985,-0.014582804499999873,train/episode_177_part3/images/ZED_LEFT/ZED_LEFT_20251121_152727_909233.jpg,train/episode_177_part3/images/road_img/ZED_LEFT_20251121_152727_909233.jpg,0.8,0.752434,0.781388,0.756741,0.822422
20251121_152727_909233,29.953125,-0.010450000000000001,-0.0542,1.25,3.3,30.515625,30.459375,30.740625,30.6,-0.018923522499999998,-0.0170295835,-0.0264357965,-0.021716819000000002,train/episode_177_part3/images/ZED_LEFT/ZED_LEFT_20251121_152727_909233.jpg,train/episode_177_part3/images/road_img/ZED_LEFT_20251121_152727_909233.jpg,0.8,0.752434,0.773504,0.757621,0.821166
20251121_152727_909233,29.8265625,-0.0161249999999999,-0.05474999999999999,1.2400000000000002,3.3,30.6421875,30.557812499999997,30.867187499999996,30.684375,-0.027454185249999846,-0.024613276749999864,-0.03499820124999985,-0.028850833499999874,train/episode_177_part3/images/ZED_LEFT/ZED_LEFT_20251121_152727_909233.jpg,train/episode_177_part3/images/road_img/ZED_LEFT_20251121_152727_909233.jpg,0.8,0.752434,0.761151,0.757017,0.818843
20251121_152728_159233,29.7,-0.0218,-0.0553,1.23,3.3,30.76875,30.65625,30.99375,30.76875,-0.035984848,-0.03219697,-0.043560606,-0.035984848,train/episode_177_part3/images/ZED_LEFT/ZED_LEFT_20251121_152728_159233.jpg,train/episode_177_part3/images/road_img/ZED_LEFT_20251121_152728_159233.jpg,0.8,0.783405,0.743954,0.760626,0.810793
20251121_152728_159233,29.64375,-0.01990000000000005,-0.04590000000000025,1.1050000000000033,3.3,30.796875,30.684375,31.021874999999998,30.810937499999998,-0.038916116999999924,-0.035121009999999925,-0.04650633224999992,-0.03939321624999991,train/episode_177_part3/images/ZED_LEFT/ZED_LEFT_20251121_152728_159233.jpg,train/episode_177_part3/images/road_img/ZED_LEFT_20251121_152728_159233.jpg,0.8,0.783405,0.731314,0.761891,0.807668
20251121_152728_159233,29.587500000000002,-0.018000000000000033,-0.03650000000000017,0.9800000000000022,3.3,30.825,30.7125,31.049999999999997,30.853125,-0.041847385999999945,-0.03804504999999995,-0.04945205849999995,-0.04280158449999994,train/episode_177_part3/images/ZED_LEFT/ZED_LEFT_20251121_152728_159233.jpg,train/episode_177_part3/images/road_img/ZED_LEFT_20251121_152728_159233.jpg,0.8,0.783405,0.725357,0.762322,0.805415
20251121_152728_159233,29.53125,-0.016100000000000017,-0.027100000000000086,0.8550000000000011,3.3,30.853125000000002,30.740625,31.078125,30.8953125,-0.04477865499999997,-0.04096908999999997,-0.052397784749999975,-0.04620995274999997,train/episode_177_part3/images/ZED_LEFT/ZED_LEFT_20251121_152728_159233.jpg,train/episode_177_part3/images/road_img/ZED_LEFT_20251121_152728_159233.jpg,0.8,0.783405,0.725071,0.762762,0.804204
20251121_152728_159233,29.475000000000005,-0.014200000000000068,-0.017700000000000334,0.7300000000000044,3.3,30.88125,30.76875,31.10625,30.9375,-0.0477099239999999,-0.0438931299999999,-0.055343510999999894,-0.04961832099999988,train/episode_177_part3/images/ZED_LEFT/ZED_LEFT_20251121_152728_159233.jpg,train/episode_177_part3/images/road_img/ZED_LEFT_20251121_152728_159233.jpg,0.8,0.783405,0.728525,0.763526,0.803879
20251121_152728_409233,29.503125,-0.007225000000000124,-0.011000000000000119,0.6500000000000015,3.3749999999999987,30.923437500000002,30.825,31.1203125,30.965625,-0.048139857499999994,-0.044801976749999986,-0.05481561800000001,-0.04957115525,train/episode_177_part3/images/ZED_LEFT/ZED_LEFT_20251121_152728_409233.jpg,train/episode_177_part3/images/road_img/ZED_LEFT_20251121_152728_409233.jpg,0.8,0.805417,0.729892,0.769037,0.800316
20251121_152728_409233,29.53125,-0.00025000000000024655,-0.004300000000000238,0.5700000000000028,3.4499999999999975,30.965625,30.881249999999998,31.134375,30.99375,-0.04856979099999999,-0.04571082349999997,-0.054287725000000016,-0.049523989500000004,train/episode_177_part3/images/ZED_LEFT/ZED_LEFT_20251121_152728_409233.jpg,train/episode_177_part3/images/road_img/ZED_LEFT_20251121_152728_409233.jpg,0.8,0.805417,0.729224,0.773217,0.799783
20251121_152728_409233,29.559375,0.006724999999999877,0.0023999999999998814,0.49000000000000143,3.5249999999999986,31.0078125,30.937499999999996,31.1484375,31.021875,-0.048999724499999994,-0.04661967024999998,-0.05375983200000001,-0.04947682375,train/episode_177_part3/images/ZED_LEFT/ZED_LEFT_20251121_152728_409233.jpg,train/episode_177_part3/images/road_img/ZED_LEFT_20251121_152728_409233.jpg,0.8,0.805417,0.725268,0.776216,0.798666
20251121_152728_659233,29.5875,0.0137,0.0091,0.41,3.6,31.05,30.99375,31.1625,31.05,-0.049429658,-0.047528517,-0.053231939,-0.049429658,train/episode_177_part3/images/ZED_LEFT/ZED_LEFT_20251121_152728_659233.jpg,train/episode_177_part3/images/road_img/ZED_LEFT_20251121_152728_659233.jpg,0.8,0.791232,0.716633,0.774799,0.803345
