id,speed_kmh,ax_g,ay_g,yaw_rate_dps,steering_angle_deg,wheel_fl_kmh,wheel_fr_kmh,wheel_rl_kmh,wheel_rr_kmh,slip_fl,slip_fr,slip_rl,slip_rr,image_path,road_image_path,Unnamed: 16,rac,img,dyn,decision,feature
20260322_152458_930650,33.80625,-0.0419,-0.0347,0.94,12.5,33.975,33.80625,33.58125,33.69375,-0.004991681,0.0,0.006655574,0.003327787,train/episode_4__pi05_annotations_snow_clean/images/ZED_LEFT/ZED_LEFT_20260322_152458_930650.jpg,train/episode_4__pi05_annotations_snow_clean/images/road_img/ZED_LEFT_20260322_152458_930650.jpg,,0.34,0.346933,nan,0.346933,nan
20260322_152458_930650,33.7078125,-0.039925,-0.020725,0.8574999999999999,11.525,33.80625,33.7640625,33.567187499999996,33.609375,-0.0029020100000000004,-0.00168350175,0.00414992975,0.00291671575,train/episode_4__pi05_annotations_snow_clean/images/ZED_LEFT/ZED_LEFT_20260322_152458_930650.jpg,train/episode_4__pi05_annotations_snow_clean/images/road_img/ZED_LEFT_20260322_152458_930650.jpg,,0.34,0.346933,nan,0.346933,nan
20260322_152458_930650,33.609375,-0.03795,-0.006749999999999999,0.7749999999999999,10.55,33.6375,33.721875,33.553124999999994,33.525000000000006,-0.0008123390000000005,-0.0033670035,0.0016442855000000003,0.0025056445,train/episode_4__pi05_annotations_snow_clean/images/ZED_LEFT/ZED_LEFT_20260322_152458_930650.jpg,train/episode_4__pi05_annotations_snow_clean/images/road_img/ZED_LEFT_20260322_152458_930650.jpg,,0.34,0.346933,nan,0.346933,nan
20260322_152458_930650,33.5109375,-0.035975,0.007225000000000009,0.6924999999999999,9.575,33.46875,33.6796875,33.5390625,33.440625000000004,0.001277332,-0.005050505250000001,-0.00086135875,0.00209457325,train/episode_4__pi05_annotations_snow_clean/images/ZED_LEFT/ZED_LEFT_20260322_152458_930650.jpg,train/episode_4__pi05_annotations_snow_clean/images/road_img/ZED_LEFT_20260322_152458_930650.jpg,,0.34,0.346933,0.309956,0.340523,0.301604
20260322_152459_180650,33.4125,-0.034,0.0212,0.61,8.6,33.3,33.6375,33.525,33.35625,0.003367003,-0.006734007,-0.003367003,0.001683502,train/episode_4__pi05_annotations_snow_clean/images/ZED_LEFT/ZED_LEFT_20260322_152459_180650.jpg,train/episode_4__pi05_annotations_snow_clean/images/road_img/ZED_LEFT_20260322_152459_180650.jpg,,0.34,0.341795,0.362784,0.344477,0.324326
20260322_152459_180650,33.35625,-0.020350000000000007,0.018250000000000002,0.4525,9.25,33.2578125,33.5390625,33.496875,33.2578125,0.0029489810000000003,-0.0054742340000000006,-0.0042201675,0.0029575417499999998,train/episode_4__pi05_annotations_snow_clean/images/ZED_LEFT/ZED_LEFT_20260322_152459_180650.jpg,train/episode_4__pi05_annotations_snow_clean/images/road_img/ZED_LEFT_20260322_152459_180650.jpg,,0.34,0.341795,0.373974,0.348996,0.329161
20260322_152459_180650,33.3,-0.006699999999999991,0.015299999999999998,0.2949999999999999,9.9,33.215624999999996,33.440625,33.46875,33.159375,0.0025309589999999997,-0.004214460999999999,-0.005073332000000001,0.004231581500000001,train/episode_4__pi05_annotations_snow_clean/images/ZED_LEFT/ZED_LEFT_20260322_152459_180650.jpg,train/episode_4__pi05_annotations_snow_clean/images/road_img/ZED_LEFT_20260322_152459_180650.jpg,,0.34,0.341795,0.330949,0.345047,0.322027
20260322_152459_180650,33.24375,0.006950000000000005,0.01235,0.13749999999999996,10.549999999999999,33.1734375,33.3421875,33.440625,33.0609375,0.002112937,-0.0029546879999999996,-0.0059264965000000005,0.00550562125,train/episode_4__pi05_annotations_snow_clean/images/ZED_LEFT/ZED_LEFT_20260322_152459_180650.jpg,train/episode_4__pi05_annotations_snow_clean/images/road_img/ZED_LEFT_20260322_152459_180650.jpg,,0.34,0.341795,0.275401,0.333815,0.307713
20260322_152459_430650,33.1875,0.0206,0.0094,-0.02,11.2,33.13125,33.24375,33.4125,32.9625,0.001694915,-0.001694915,-0.006779661,0.006779661,train/episode_4__pi05_annotations_snow_clean/images/ZED_LEFT/ZED_LEFT_20260322_152459_430650.jpg,train/episode_4__pi05_annotations_snow_clean/images/road_img/ZED_LEFT_20260322_152459_430650.jpg,,0.34,0.351313,0.243973,0.325161,0.304437
20260322_152459_430650,33.13125,0.010825000000000001,0.0037750000000000006,0.0325,10.975,33.1171875,33.2296875,33.4265625,33.0328125,0.00041794399999999995,-0.002977671,-0.008924336250000001,0.00295164,train/episode_4__pi05_annotations_snow_clean/images/ZED_LEFT/ZED_LEFT_20260322_152459_430650.jpg,train/episode_4__pi05_annotations_snow_clean/images/road_img/ZED_LEFT_20260322_152459_430650.jpg,,0.34,0.351313,0.238313,0.320494,0.302645
20260322_152459_430650,33.075,0.0010500000000000023,-0.0018499999999999992,0.085,10.75,33.103125000000006,33.215625,33.440625,33.103125,-0.0008590270000000001,-0.004260427,-0.0110690115,-0.0008763809999999999,train/episode_4__pi05_annotations_snow_clean/images/ZED_LEFT/ZED_LEFT_20260322_152459_430650.jpg,train/episode_4__pi05_annotations_snow_clean/images/road_img/ZED_LEFT_20260322_152459_430650.jpg,,0.34,0.351313,0.237121,0.318478,0.302984
20260322_152459_430650,33.01875,-0.00872500000000001,-0.007475000000000004,0.13750000000000007,10.525,33.089062500000004,33.2015625,33.4546875,33.1734375,-0.002135998000000002,-0.005543183000000001,-0.013213686750000002,-0.004704402000000004,train/episode_4__pi05_annotations_snow_clean/images/ZED_LEFT/ZED_LEFT_20260322_152459_430650.jpg,train/episode_4__pi05_annotations_snow_clean/images/road_img/ZED_LEFT_20260322_152459_430650.jpg,,0.34,0.351313,0.235631,0.318193,0.304303
20260322_152459_680650,32.9625,-0.018499999999999957,-0.013099999999999992,0.1899999999999996,10.3,33.075,33.1875,33.46875,33.24375,-0.003412969000000002,-0.006825938999999999,-0.015358361999999997,-0.008532422999999999,train/episode_4__pi05_annotations_snow_clean/images/ZED_LEFT/ZED_LEFT_20260322_152459_680650.jpg,train/episode_4__pi05_annotations_snow_clean/images/road_img/ZED_LEFT_20260322_152459_680650.jpg,,0.34,0.330315,0.245741,0.313880,0.312636
20260322_152459_680650,32.934374999999996,0.00025000000000001063,-0.009074999999999998,0.012499999999999928,10.15,33.075,33.145312499999996,33.3984375,33.2015625,-0.0042720555,-0.00640370075,-0.01408726475,-0.008111646,train/episode_4__pi05_annotations_snow_clean/images/ZED_LEFT/ZED_LEFT_20260322_152459_680650.jpg,train/episode_4__pi05_annotations_snow_clean/images/road_img/ZED_LEFT_20260322_152459_680650.jpg,,0.34,0.330315,0.264195,0.312814,0.317856
20260322_152459_680650,32.90625,0.01900000000000002,-0.0050499999999999955,-0.16500000000000015,10.0,33.075,33.103125,33.328125,33.159375,-0.005131142000000001,-0.0059814625,-0.0128161675,-0.0076908689999999995,train/episode_4__pi05_annotations_snow_clean/images/ZED_LEFT/ZED_LEFT_20260322_152459_680650.jpg,train/episode_4__pi05_annotations_snow_clean/images/road_img/ZED_LEFT_20260322_152459_680650.jpg,,0.34,0.330315,0.256858,0.311717,0.316171
20260322_152459_680650,32.878125000000004,0.03774999999999999,-0.0010250000000000033,-0.34249999999999986,9.85,33.075,33.0609375,33.2578125,33.1171875,-0.005990228499999999,-0.00555922425,-0.011545070250000001,-0.007270092000000001,train/episode_4__pi05_annotations_snow_clean/images/ZED_LEFT/ZED_LEFT_20260322_152459_680650.jpg,train/episode_4__pi05_annotations_snow_clean/images/road_img/ZED_LEFT_20260322_152459_680650.jpg,,0.34,0.330315,0.247705,0.310614,0.313209
20260322_152459_930650,32.85,0.0565,0.003,-0.52,9.7,33.075,33.01875,33.1875,33.075,-0.006849315,-0.005136986,-0.010273973,-0.006849315,train/episode_4__pi05_annotations_snow_clean/images/ZED_LEFT/ZED_LEFT_20260322_152459_930650.jpg,train/episode_4__pi05_annotations_snow_clean/images/road_img/ZED_LEFT_20260322_152459_930650.jpg,,0.34,0.312700,0.251805,0.306378,0.308719
20260322_152459_930650,32.878125000000004,0.022749999999999965,-0.0012750000000000044,-0.19749999999999962,11.075000000000001,33.0328125,33.046875,33.1171875,33.075,-0.004710364999999998,-0.0051326029999999995,-0.007278858499999997,-0.005990228499999999,train/episode_4__pi05_annotations_snow_clean/images/ZED_LEFT/ZED_LEFT_20260322_152459_930650.jpg,train/episode_4__pi05_annotations_snow_clean/images/road_img/ZED_LEFT_20260322_152459_930650.jpg,,0.34,0.312700,0.258382,0.303925,0.309938
20260322_152459_930650,32.90625,-0.011000000000000003,-0.00555,0.125,12.45,32.990625,33.075,33.046875,33.075,-0.0025714149999999996,-0.005128219999999999,-0.004283744,-0.005131142,train/episode_4__pi05_annotations_snow_clean/images/ZED_LEFT/ZED_LEFT_20260322_152459_930650.jpg,train/episode_4__pi05_annotations_snow_clean/images/road_img/ZED_LEFT_20260322_152459_930650.jpg,,0.34,0.312700,0.252448,0.301784,0.307642
20260322_152459_930650,32.934375,-0.04475000000000003,-0.009825000000000004,0.44750000000000045,13.825000000000001,32.9484375,33.103125,32.9765625,33.075,-0.00043246499999999733,-0.005123837,-0.0012886294999999957,-0.004272055499999999,train/episode_4__pi05_annotations_snow_clean/images/ZED_LEFT/ZED_LEFT_20260322_152459_930650.jpg,train/episode_4__pi05_annotations_snow_clean/images/road_img/ZED_LEFT_20260322_152459_930650.jpg,,0.34,0.312700,0.247711,0.300015,0.305296
20260322_152500_180650,32.9625,-0.0785,-0.0141,0.77,15.2,32.90625,33.13125,32.90625,33.075,0.001706485,-0.005119454,0.001706485,-0.003412969,train/episode_4__pi05_annotations_snow_clean/images/ZED_LEFT/ZED_LEFT_20260322_152500_180650.jpg,train/episode_4__pi05_annotations_snow_clean/images/road_img/ZED_LEFT_20260322_152500_180650.jpg,,0.34,0.349484,0.253378,0.308076,0.315376
20260322_152500_180650,33.0046875,-0.06574999999999999,-0.008099999999999993,0.9650000000000002,15.825,32.9203125,33.159375000000004,32.9625,33.103125000000006,0.002553208500000001,-0.004688486999999999,0.0012798637499999996,-0.0029841749999999995,train/episode_4__pi05_annotations_snow_clean/images/ZED_LEFT/ZED_LEFT_20260322_152500_180650.jpg,train/episode_4__pi05_annotations_snow_clean/images/road_img/ZED_LEFT_20260322_152500_180650.jpg,,0.34,0.349484,0.260976,0.314696,0.316112
20260322_152500_180650,33.046875,-0.05299999999999997,-0.0020999999999999873,1.1600000000000004,16.45,32.934375,33.1875,33.018750000000004,33.13125,0.003399932000000002,-0.004257519999999999,0.0008532424999999991,-0.002555380999999999,train/episode_4__pi05_annotations_snow_clean/images/ZED_LEFT/ZED_LEFT_20260322_152500_180650.jpg,train/episode_4__pi05_annotations_snow_clean/images/road_img/ZED_LEFT_20260322_152500_180650.jpg,,0.34,0.349484,0.263835,0.319858,0.316563
20260322_152500_180650,33.089062500000004,-0.04024999999999996,0.0039000000000000198,1.3550000000000006,17.075000000000003,32.9484375,33.215625,33.075,33.159375000000004,0.004246655500000003,-0.0038265529999999986,0.00042662124999999864,-0.0021265869999999984,train/episode_4__pi05_annotations_snow_clean/images/ZED_LEFT/ZED_LEFT_20260322_152500_180650.jpg,train/episode_4__pi05_annotations_snow_clean/images/road_img/ZED_LEFT_20260322_152500_180650.jpg,,0.34,0.349484,0.258543,0.323557,0.315259
20260322_152500_430650,33.13125,-0.027499999999999965,0.009900000000000044,1.5499999999999996,17.7,32.9625,33.24375,33.13125,33.1875,0.005093378999999997,-0.003395585999999998,-5.654786638942257e-18,-0.0016977930000000036,train/episode_4__pi05_annotations_snow_clean/images/ZED_LEFT/ZED_LEFT_20260322_152500_430650.jpg,train/episode_4__pi05_annotations_snow_clean/images/road_img/ZED_LEFT_20260322_152500_430650.jpg,,0.34,0.374160,0.252942,0.333602,0.308544
20260322_152500_430650,33.13125,-0.019599999999999992,0.01962500000000001,1.4474999999999998,17.474999999999998,32.990625,33.2296875,33.1734375,33.215625,0.004244482499999999,-0.0029711377499999996,-0.0012733447500000014,-0.002546689500000001,train/episode_4__pi05_annotations_snow_clean/images/ZED_LEFT/ZED_LEFT_20260322_152500_430650.jpg,train/episode_4__pi05_annotations_snow_clean/images/road_img/ZED_LEFT_20260322_152500_430650.jpg,,0.34,0.374160,0.248352,0.341148,0.307611
20260322_152500_430650,33.13125,-0.011699999999999981,0.029350000000000022,1.3449999999999998,17.25,33.018750000000004,33.215624999999996,33.215625,33.24375,0.003395585999999998,-0.0025466894999999993,-0.0025466895000000028,-0.003395586000000002,train/episode_4__pi05_annotations_snow_clean/images/ZED_LEFT/ZED_LEFT_20260322_152500_430650.jpg,train/episode_4__pi05_annotations_snow_clean/images/road_img/ZED_LEFT_20260322_152500_430650.jpg,,0.34,0.374160,0.242202,0.346892,0.306651
20260322_152500_430650,33.13125,-0.00379999999999997,0.03907500000000003,1.2424999999999997,17.025,33.046875,33.2015625,33.2578125,33.271875,0.002546689499999997,-0.0021222412499999985,-0.0038200342500000046,-0.004244482500000003,train/episode_4__pi05_annotations_snow_clean/images/ZED_LEFT/ZED_LEFT_20260322_152500_430650.jpg,train/episode_4__pi05_annotations_snow_clean/images/road_img/ZED_LEFT_20260322_152500_430650.jpg,,0.34,0.374160,0.243982,0.351329,0.306485
20260322_152500_680650,33.13125,0.004099999999999946,0.04879999999999999,1.1399999999999992,16.799999999999997,33.075,33.1875,33.3,33.3,0.0016977930000000036,-0.001697792999999998,-0.005093378999999997,-0.005093379000000002,train/episode_4__pi05_annotations_snow_clean/images/ZED_LEFT/ZED_LEFT_20260322_152500_680650.jpg,train/episode_4__pi05_annotations_snow_clean/images/road_img/ZED_LEFT_20260322_152500_680650.jpg,,0.34,0.345059,0.253285,0.346220,0.304854
20260322_152500_680650,33.1453125,-0.008200000000000054,0.045674999999999986,0.9949999999999993,15.949999999999998,33.0609375,33.1875,33.285937499999996,33.328125,0.002544531250000004,-0.0012733447499999981,-0.004243762999999997,-0.005514949500000002,train/episode_4__pi05_annotations_snow_clean/images/ZED_LEFT/ZED_LEFT_20260322_152500_680650.jpg,train/episode_4__pi05_annotations_snow_clean/images/road_img/ZED_LEFT_20260322_152500_680650.jpg,,0.34,0.345059,0.261314,0.342975,0.307811
20260322_152500_680650,33.159375000000004,-0.0205,0.042550000000000004,0.85,15.100000000000001,33.046875,33.1875,33.271874999999994,33.356249999999996,0.0033912695000000003,-0.0008488965,-0.003394147,-0.005936520000000001,train/episode_4__pi05_annotations_snow_clean/images/ZED_LEFT/ZED_LEFT_20260322_152500_680650.jpg,train/episode_4__pi05_annotations_snow_clean/images/road_img/ZED_LEFT_20260322_152500_680650.jpg,,0.34,0.345059,0.263264,0.340786,0.307888
20260322_152500_680650,33.1734375,-0.0328,0.039425,0.7050000000000001,14.25,33.0328125,33.1875,33.2578125,33.384375,0.00423800775,-0.0004244482499999999,-0.002544531,-0.0063580905,train/episode_4__pi05_annotations_snow_clean/images/ZED_LEFT/ZED_LEFT_20260322_152500_680650.jpg,train/episode_4__pi05_annotations_snow_clean/images/road_img/ZED_LEFT_20260322_152500_680650.jpg,,0.34,0.345059,0.263401,0.339270,0.307061
20260322_152500_930650,33.1875,-0.0451,0.0363,0.56,13.4,33.01875,33.1875,33.24375,33.4125,0.005084746,0.0,-0.001694915,-0.006779661,train/episode_4__pi05_annotations_snow_clean/images/ZED_LEFT/ZED_LEFT_20260322_152500_930650.jpg,train/episode_4__pi05_annotations_snow_clean/images/road_img/ZED_LEFT_20260322_152500_930650.jpg,,0.34,0.369660,0.278752,0.345435,0.308029
20260322_152500_930650,33.1875,-0.036974999999999994,0.025199999999999986,0.8850000000000005,14.750000000000002,33.0328125,33.215625,33.215624999999996,33.384375,0.00466101725,-0.0008474577500000009,-0.000847457499999999,-0.005932203499999999,train/episode_4__pi05_annotations_snow_clean/images/ZED_LEFT/ZED_LEFT_20260322_152500_930650.jpg,train/episode_4__pi05_annotations_snow_clean/images/road_img/ZED_LEFT_20260322_152500_930650.jpg,,0.34,0.369660,0.285964,0.350011,0.310216
20260322_152500_930650,33.1875,-0.028849999999999983,0.014099999999999977,1.2100000000000009,16.100000000000005,33.046875,33.24375,33.1875,33.356249999999996,0.004237288499999999,-0.0016949155000000019,1.951563910473908e-18,-0.005084745999999998,train/episode_4__pi05_annotations_snow_clean/images/ZED_LEFT/ZED_LEFT_20260322_152500_930650.jpg,train/episode_4__pi05_annotations_snow_clean/images/road_img/ZED_LEFT_20260322_152500_930650.jpg,,0.34,0.369660,0.278559,0.353123,0.309513
20260322_152500_930650,33.1875,-0.02072500000000001,0.0030000000000000165,1.5349999999999997,17.45,33.0609375,33.271874999999994,33.159375000000004,33.328125,0.0038135597500000007,-0.002542373249999999,0.0008474574999999991,-0.0042372885,train/episode_4__pi05_annotations_snow_clean/images/ZED_LEFT/ZED_LEFT_20260322_152500_930650.jpg,train/episode_4__pi05_annotations_snow_clean/images/road_img/ZED_LEFT_20260322_152500_930650.jpg,,0.34,0.369660,0.264545,0.355335,0.306834
20260322_152501_180650,33.1875,-0.0126,-0.0081,1.86,18.8,33.075,33.3,33.13125,33.3,0.003389831,-0.003389831,0.001694915,-0.003389831,train/episode_4__pi05_annotations_snow_clean/images/ZED_LEFT/ZED_LEFT_20260322_152501_180650.jpg,train/episode_4__pi05_annotations_snow_clean/images/road_img/ZED_LEFT_20260322_152501_180650.jpg,,0.34,0.341224,0.248312,0.348684,0.297529
20260322_152501_180650,33.1734375,-0.013500000000000002,-0.0036749999999999942,1.8075,18.725,32.9625,33.3140625,33.1171875,33.271874999999994,0.006362407250000003,-0.004240166000000001,0.0016956345,-0.0029668214999999994,train/episode_4__pi05_annotations_snow_clean/images/ZED_LEFT/ZED_LEFT_20260322_152501_180650.jpg,train/episode_4__pi05_annotations_snow_clean/images/road_img/ZED_LEFT_20260322_152501_180650.jpg,,0.34,0.341224,0.243274,0.344117,0.296900
20260322_152501_180650,33.159375,-0.014400000000000001,0.0007500000000000111,1.755,18.65,32.85,33.328125,33.103125,33.24375,0.009334983500000006,-0.0050905010000000025,0.001696354,-0.002543811999999999,train/episode_4__pi05_annotations_snow_clean/images/ZED_LEFT/ZED_LEFT_20260322_152501_180650.jpg,train/episode_4__pi05_annotations_snow_clean/images/road_img/ZED_LEFT_20260322_152501_180650.jpg,,0.34,0.341224,0.243709,0.341118,0.296890
20260322_152501_180650,33.1453125,-0.015300000000000003,0.005175000000000016,1.7024999999999997,18.575,32.7375,33.3421875,33.089062500000004,33.215624999999996,0.01230755975000001,-0.005940836000000003,0.0016970735,-0.0021208024999999986,train/episode_4__pi05_annotations_snow_clean/images/ZED_LEFT/ZED_LEFT_20260322_152501_180650.jpg,train/episode_4__pi05_annotations_snow_clean/images/road_img/ZED_LEFT_20260322_152501_180650.jpg,,0.34,0.341224,0.245801,0.339194,0.297033
20260322_152501_430650,33.13125,-0.0162,0.0096,1.65,18.5,32.625,33.35625,33.075,33.1875,0.015280136,-0.006791171,0.001697793,-0.001697793,train/episode_4__pi05_annotations_snow_clean/images/ZED_LEFT/ZED_LEFT_20260322_152501_430650.jpg,train/episode_4__pi05_annotations_snow_clean/images/road_img/ZED_LEFT_20260322_152501_430650.jpg,,0.34,0.342498,0.251792,0.338361,0.301255
20260322_152501_430650,33.1171875,-0.0027749999999999407,0.0043249999999999756,1.5799999999999996,18.325,32.709375,33.328125,33.075,33.215625,0.012310442249999987,-0.0063688884999999985,0.0012733447499999981,-0.0029740250000000056,train/episode_4__pi05_annotations_snow_clean/images/ZED_LEFT/ZED_LEFT_20260322_152501_430650.jpg,train/episode_4__pi05_annotations_snow_clean/images/road_img/ZED_LEFT_20260322_152501_430650.jpg,,0.34,0.342498,0.252405,0.337810,0.300661
20260322_152501_430650,33.103125,0.01065,-0.0009500000000000012,1.51,18.15,32.79375,33.300000000000004,33.075,33.24375,0.0093407485,-0.005946606,0.0008488965,-0.004250257,train/episode_4__pi05_annotations_snow_clean/images/ZED_LEFT/ZED_LEFT_20260322_152501_430650.jpg,train/episode_4__pi05_annotations_snow_clean/images/road_img/ZED_LEFT_20260322_152501_430650.jpg,,0.34,0.342498,0.251796,0.337442,0.299957
20260322_152501_430650,33.089062500000004,0.024074999999999937,-0.006224999999999979,1.4400000000000004,17.975,32.878125,33.271875,33.075,33.271874999999994,0.006371054750000013,-0.005524323500000002,0.00042444825000000183,-0.005526488999999994,train/episode_4__pi05_annotations_snow_clean/images/ZED_LEFT/ZED_LEFT_20260322_152501_430650.jpg,train/episode_4__pi05_annotations_snow_clean/images/road_img/ZED_LEFT_20260322_152501_430650.jpg,,0.34,0.342498,0.255354,0.337222,0.301179
20260322_152501_680650,33.075,0.0375,-0.0115,1.37,17.8,32.9625,33.24375,33.075,33.3,0.003401361,-0.005102041,0.0,-0.006802721,train/episode_4__pi05_annotations_snow_clean/images/ZED_LEFT/ZED_LEFT_20260322_152501_680650.jpg,train/episode_4__pi05_annotations_snow_clean/images/road_img/ZED_LEFT_20260322_152501_680650.jpg,,0.34,0.312738,0.265189,0.328575,0.308048
20260322_152501_680650,33.018750000000004,0.012175000000000054,-0.019524999999999983,1.4899999999999998,17.9,32.878125,33.1875,33.0046875,33.24375,0.004263349499999998,-0.005110777249999999,0.0004280822499999991,-0.0068143695,train/episode_4__pi05_annotations_snow_clean/images/ZED_LEFT/ZED_LEFT_20260322_152501_680650.jpg,train/episode_4__pi05_annotations_snow_clean/images/road_img/ZED_LEFT_20260322_152501_680650.jpg,,0.34,0.312738,0.266610,0.322240,0.309807
20260322_152501_680650,32.9625,-0.01315000000000012,-0.027550000000000036,1.6100000000000005,18.0,32.793749999999996,33.131249999999994,32.934375,33.1875,0.005125338000000004,-0.0051195135,0.000856164500000002,-0.0068260180000000005,train/episode_4__pi05_annotations_snow_clean/images/ZED_LEFT/ZED_LEFT_20260322_152501_680650.jpg,train/episode_4__pi05_annotations_snow_clean/images/road_img/ZED_LEFT_20260322_152501_680650.jpg,,0.34,0.312738,0.254898,0.317163,0.306939
20260322_152501_680650,32.90625,-0.03847500000000007,-0.03557500000000002,1.7300000000000004,18.1,32.709375,33.074999999999996,32.8640625,33.13125,0.005987326500000002,-0.00512824975,0.001284246750000001,-0.0068376665,train/episode_4__pi05_annotations_snow_clean/images/ZED_LEFT/ZED_LEFT_20260322_152501_680650.jpg,train/episode_4__pi05_annotations_snow_clean/images/road_img/ZED_LEFT_20260322_152501_680650.jpg,,0.34,0.312738,0.237211,0.312886,0.301774
20260322_152501_930650,32.85,-0.06379999999999997,-0.043599999999999896,1.8500000000000014,18.200000000000003,32.625,33.01875,32.79375,33.075,0.006849314999999989,-0.005136986000000003,0.0017123289999999925,-0.006849315,train/episode_4__pi05_annotations_snow_clean/images/ZED_LEFT/ZED_LEFT_20260322_152501_930650.jpg,train/episode_4__pi05_annotations_snow_clean/images/road_img/ZED_LEFT_20260322_152501_930650.jpg,,0.34,0.353624,0.220907,0.321593,0.302346
20260322_152501_930650,32.8359375,-0.06107499999999998,-0.03197499999999995,1.9900000000000007,18.725,32.653125,33.01875,32.807812500000004,33.0609375,0.005565802749999994,-0.005568005250000002,0.0008554302499999962,-0.006852252,train/episode_4__pi05_annotations_snow_clean/images/ZED_LEFT/ZED_LEFT_20260322_152501_930650.jpg,train/episode_4__pi05_annotations_snow_clean/images/road_img/ZED_LEFT_20260322_152501_930650.jpg,,0.34,0.353624,0.229377,0.328039,0.303111
20260322_152501_930650,32.821875,-0.05835,-0.02035,2.13,19.25,32.68125,33.01875,32.821875000000006,33.046875,0.0042822905,-0.0059990245,-1.4685000000000826e-06,-0.006855188999999999,train/episode_4__pi05_annotations_snow_clean/images/ZED_LEFT/ZED_LEFT_20260322_152501_930650.jpg,train/episode_4__pi05_annotations_snow_clean/images/road_img/ZED_LEFT_20260322_152501_930650.jpg,,0.34,0.353624,0.232078,0.332868,0.302021
20260322_152501_930650,32.807812500000004,-0.05562499999999999,-0.008724999999999948,2.270000000000001,19.775000000000002,32.709375,33.01875,32.8359375,33.0328125,0.0029987782499999944,-0.006430043750000001,-0.0008583672500000041,-0.006858126,train/episode_4__pi05_annotations_snow_clean/images/ZED_LEFT/ZED_LEFT_20260322_152501_930650.jpg,train/episode_4__pi05_annotations_snow_clean/images/road_img/ZED_LEFT_20260322_152501_930650.jpg,,0.34,0.353624,0.232071,0.336533,0.301745
20260322_152502_180650,32.79375,-0.0529,0.0029,2.41,20.3,32.7375,33.01875,32.85,33.01875,0.001715266,-0.006861063,-0.001715266,-0.006861063,train/episode_4__pi05_annotations_snow_clean/images/ZED_LEFT/ZED_LEFT_20260322_152502_180650.jpg,train/episode_4__pi05_annotations_snow_clean/images/road_img/ZED_LEFT_20260322_152502_180650.jpg,,0.34,0.310922,0.240509,0.326851,0.302607
20260322_152502_180650,32.79375,-0.04197499999999993,-0.005300000000000055,2.3049999999999993,19.799999999999997,32.7375,33.004687499999996,32.8359375,32.9765625,0.001715266,-0.006432246749999997,-0.0012864494999999972,-0.005574613749999991,train/episode_4__pi05_annotations_snow_clean/images/ZED_LEFT/ZED_LEFT_20260322_152502_180650.jpg,train/episode_4__pi05_annotations_snow_clean/images/road_img/ZED_LEFT_20260322_152502_180650.jpg,,0.34,0.310922,0.246819,0.320020,0.304159
20260322_152502_180650,32.79375,-0.031049999999999953,-0.013500000000000036,2.1999999999999997,19.299999999999997,32.7375,32.990624999999994,32.821875,32.934374999999996,0.001715266,-0.006003430499999998,-0.0008576329999999981,-0.004288164499999994,train/episode_4__pi05_annotations_snow_clean/images/ZED_LEFT/ZED_LEFT_20260322_152502_180650.jpg,train/episode_4__pi05_annotations_snow_clean/images/road_img/ZED_LEFT_20260322_152502_180650.jpg,,0.34,0.310922,0.252849,0.315180,0.306269
20260322_152502_180650,32.79375,-0.020124999999999976,-0.021700000000000014,2.0949999999999998,18.8,32.7375,32.9765625,32.807812500000004,32.8921875,0.001715266,-0.005574614249999999,-0.0004288164999999989,-0.0030017152499999967,train/episode_4__pi05_annotations_snow_clean/images/ZED_LEFT/ZED_LEFT_20260322_152502_180650.jpg,train/episode_4__pi05_annotations_snow_clean/images/road_img/ZED_LEFT_20260322_152502_180650.jpg,,0.34,0.310922,0.260448,0.311801,0.309507
20260322_152502_430650,32.79375,-0.0092000000000001,-0.029899999999999857,1.99,18.3,32.7375,32.9625,32.79375,32.85,0.0017152659999999924,-0.005145797999999997,-3.8151992676205244e-18,-0.0017152660000000115,train/episode_4__pi05_annotations_snow_clean/images/ZED_LEFT/ZED_LEFT_20260322_152502_430650.jpg,train/episode_4__pi05_annotations_snow_clean/images/road_img/ZED_LEFT_20260322_152502_430650.jpg,,0.34,0.294835,0.267126,0.305312,0.311415
20260322_152502_430650,32.7796875,-0.02060000000000005,-0.013899999999999926,1.9975,18.35,32.7515625,32.934374999999996,32.79375,32.878125000000004,0.0008568962499999962,-0.004718454999999998,-0.00042955325000000187,-0.0030046625000000058,train/episode_4__pi05_annotations_snow_clean/images/ZED_LEFT/ZED_LEFT_20260322_152502_430650.jpg,train/episode_4__pi05_annotations_snow_clean/images/road_img/ZED_LEFT_20260322_152502_430650.jpg,,0.34,0.294835,0.274616,0.300960,0.315829
20260322_152502_430650,32.765625,-0.0320000000000001,0.002100000000000147,2.005,18.400000000000002,32.765625,32.90625,32.79375,32.90625,-1.4735000000076423e-06,-0.004291111999999996,-0.0008591065000000037,-0.0042940590000000115,train/episode_4__pi05_annotations_snow_clean/images/ZED_LEFT/ZED_LEFT_20260322_152502_430650.jpg,train/episode_4__pi05_annotations_snow_clean/images/road_img/ZED_LEFT_20260322_152502_430650.jpg,,0.34,0.294835,0.272415,0.297603,0.313934
20260322_152502_430650,32.7515625,-0.04340000000000005,0.01810000000000007,2.0125,18.45,32.7796875,32.878125,32.79375,32.934375,-0.0008598432500000037,-0.003863768999999998,-0.0012886597500000017,-0.005583455500000006,train/episode_4__pi05_annotations_snow_clean/images/ZED_LEFT/ZED_LEFT_20260322_152502_430650.jpg,train/episode_4__pi05_annotations_snow_clean/images/road_img/ZED_LEFT_20260322_152502_430650.jpg,,0.34,0.294835,0.265121,0.294584,0.308599
20260322_152502_680650,32.7375,-0.0548,0.0341,2.02,18.5,32.79375,32.85,32.79375,32.9625,-0.001718213,-0.003436426,-0.001718213,-0.006872852,train/episode_4__pi05_annotations_snow_clean/images/ZED_LEFT/ZED_LEFT_20260322_152502_680650.jpg,train/episode_4__pi05_annotations_snow_clean/images/road_img/ZED_LEFT_20260322_152502_680650.jpg,,0.34,0.299052,0.262952,0.293116,0.306256
20260322_152502_680650,32.793749999999996,-0.060000000000000026,0.03627500000000001,2.1025000000000005,18.875,32.737500000000004,32.85,32.709375,32.9203125,0.0016976882500000158,-0.0017240772499999926,0.0025509307500000194,-0.0038747754999999863,train/episode_4__pi05_annotations_snow_clean/images/ZED_LEFT/ZED_LEFT_20260322_152502_680650.jpg,train/episode_4__pi05_annotations_snow_clean/images/road_img/ZED_LEFT_20260322_152502_680650.jpg,,0.34,0.299052,0.259503,0.291698,0.304860
20260322_152502_680650,32.849999999999994,-0.06520000000000001,0.03845,2.185,19.25,32.681250000000006,32.85,32.625,32.878125,0.0051135895000000015,-1.1728500000000516e-05,0.0068200745,-0.0008766989999999999,train/episode_4__pi05_annotations_snow_clean/images/ZED_LEFT/ZED_LEFT_20260322_152502_680650.jpg,train/episode_4__pi05_annotations_snow_clean/images/road_img/ZED_LEFT_20260322_152502_680650.jpg,,0.34,0.299052,0.266821,0.291164,0.305290
20260322_152502_680650,32.90625,-0.07040000000000002,0.04062500000000001,2.2675000000000005,19.625,32.625,32.85,32.540625,32.8359375,0.008529490750000018,0.0017006202500000072,0.01108921825000002,0.0021213775000000134,train/episode_4__pi05_annotations_snow_clean/images/ZED_LEFT/ZED_LEFT_20260322_152502_680650.jpg,train/episode_4__pi05_annotations_snow_clean/images/road_img/ZED_LEFT_20260322_152502_680650.jpg,,0.34,0.299052,0.286217,0.292347,0.307409
20260322_152502_930650,32.9625,-0.0756,0.0428,2.35,20.0,32.56875,32.85,32.45625,32.79375,0.011945392,0.003412969,0.015358362,0.005119454,train/episode_4__pi05_annotations_snow_clean/images/ZED_LEFT/ZED_LEFT_20260322_152502_930650.jpg,train/episode_4__pi05_annotations_snow_clean/images/road_img/ZED_LEFT_20260322_152502_930650.jpg,,0.34,0.280666,0.303716,0.291075,0.309635
20260322_152502_930650,32.9765625,-0.06822500000000002,0.024750000000000036,2.5949999999999998,20.775,32.6671875,32.878125,32.540625,32.85,0.009384938500000006,0.002985621250000001,0.013222349000000005,0.0038395905000000027,train/episode_4__pi05_annotations_snow_clean/images/ZED_LEFT/ZED_LEFT_20260322_152502_930650.jpg,train/episode_4__pi05_annotations_snow_clean/images/road_img/ZED_LEFT_20260322_152502_930650.jpg,,0.34,0.280666,0.300988,0.290014,0.308537
20260322_152502_930650,32.990625,-0.06084999999999997,0.006699999999999914,2.840000000000001,21.550000000000004,32.765625,32.90625,32.625,32.90625,0.0068244849999999895,0.0025582734999999982,0.011086335999999992,0.0025597269999999943,train/episode_4__pi05_annotations_snow_clean/images/ZED_LEFT/ZED_LEFT_20260322_152502_930650.jpg,train/episode_4__pi05_annotations_snow_clean/images/road_img/ZED_LEFT_20260322_152502_930650.jpg,,0.34,0.280666,0.289205,0.288130,0.306248
20260322_152502_930650,33.004687499999996,-0.05347499999999998,-0.01135000000000004,3.085000000000001,22.325000000000003,32.8640625,32.934375,32.709375,32.9625,0.004264031499999994,0.0021309257499999993,0.008950322999999996,0.0012798634999999971,train/episode_4__pi05_annotations_snow_clean/images/ZED_LEFT/ZED_LEFT_20260322_152502_930650.jpg,train/episode_4__pi05_annotations_snow_clean/images/road_img/ZED_LEFT_20260322_152502_930650.jpg,,0.34,0.280666,0.276717,0.285440,0.303760
20260322_152503_180650,33.01875,-0.04610000000000012,-0.029399999999999822,3.33,23.100000000000005,32.9625,32.9625,32.79375,33.01875,0.001703578000000015,0.001703577999999985,0.006814309999999988,-1.5079428816733286e-17,train/episode_4__pi05_annotations_snow_clean/images/ZED_LEFT/ZED_LEFT_20260322_152503_180650.jpg,train/episode_4__pi05_annotations_snow_clean/images/road_img/ZED_LEFT_20260322_152503_180650.jpg,,0.34,0.303877,0.260844,0.286102,0.307450
20260322_152503_180650,33.046875,-0.059450000000000065,-0.009499999999999908,3.35,23.600000000000005,32.934374999999996,33.046875,32.8640625,33.103125,0.003399924500000008,4.3387499999926644e-06,0.005535180749999994,-0.0016977927500000077,train/episode_4__pi05_annotations_snow_clean/images/ZED_LEFT/ZED_LEFT_20260322_152503_180650.jpg,train/episode_4__pi05_annotations_snow_clean/images/road_img/ZED_LEFT_20260322_152503_180650.jpg,,0.34,0.303877,0.248044,0.285306,0.307725
20260322_152503_180650,33.074999999999996,-0.0728,0.010400000000000003,3.37,24.1,32.90625,33.131249999999994,32.934375,33.1875,0.005096271,-0.0016949005,0.0042560515,-0.0033955855,train/episode_4__pi05_annotations_snow_clean/images/ZED_LEFT/ZED_LEFT_20260322_152503_180650.jpg,train/episode_4__pi05_annotations_snow_clean/images/road_img/ZED_LEFT_20260322_152503_180650.jpg,,0.34,0.303877,0.238290,0.283992,0.306223
20260322_152503_180650,33.103125,-0.08615000000000006,0.030300000000000094,3.39,24.600000000000005,32.878125,33.215624999999996,33.0046875,33.271875,0.0067926175000000075,-0.0033941397500000074,0.0029769222499999946,-0.005093378250000008,train/episode_4__pi05_annotations_snow_clean/images/ZED_LEFT/ZED_LEFT_20260322_152503_180650.jpg,train/episode_4__pi05_annotations_snow_clean/images/road_img/ZED_LEFT_20260322_152503_180650.jpg,,0.34,0.303877,0.238933,0.283411,0.304850
20260322_152503_430650,33.13125,-0.0995,0.0502,3.41,25.1,32.85,33.3,33.075,33.35625,0.008488964,-0.005093379,0.001697793,-0.006791171,train/episode_4__pi05_annotations_snow_clean/images/ZED_LEFT/ZED_LEFT_20260322_152503_430650.jpg,train/episode_4__pi05_annotations_snow_clean/images/road_img/ZED_LEFT_20260322_152503_430650.jpg,,0.34,0.315006,0.251430,0.286705,0.306395
